상권명,자치구,법정동,엑스좌표_값,와이좌표_값,아파트_단지_수,아파트_평균_면적,주중_매출_금액,주말_매출_금액,당월_매출_건수,시간대_11~14_매출_금액
독립문역 1번,종로구,무악동,196220,452912,4,65,57005561,20753822,9601,27651222
세검정초등학교,종로구,부암동,196389,455998,69,78,18752986,10502826,2448,8429638
세검정,종로구,부암동,196688,455706,41,91,16900831,13373761,2125,11157934
부암동주민센터,종로구,부암동,196701,454714,2,93,65188437,45472824,6359,33463255
사직공원(한국사회과학도서관),종로구,사직동,196895,452714,100,51,323973,208468,51,208469
배화여자대학교(박노수미술관),종로구,청운효자동,197093,453418,145,57,1438298805,957738022,200830,740412130
자하문터널,종로구,부암동,196991,455057,45,79,136177776,150275449,13323,65343756
성곡미술관,종로구,사직동,197292,452641,16,87,391019802,141707431,44132,323136090
체부동홍종문가옥,종로구,사직동,197340,453202,5,87,15198171,11842375,2079,7940213
경복고등학교,종로구,청운효자동,197484,453952,12,91,13602725,8318496,2154,11350949
청와대사랑채,종로구,청운효자동,197585,453623,12,89,172043629,79730563,22613,107819850
평창동동측,종로구,평창동,197827,457040,22,113,55805158,40786047,4811,43375487
정독도서관,종로구,가회동,198581,453781,10,164,78678279,70761647,7665,27167744
중앙고등학교,종로구,가회동,198883,453690,112,58,160175627,80126172,25074,104135058
서울국제고등학교,종로구,혜화동,199598,454302,102,54,50676101,10644869,14796,26553824
성균관대학교,종로구,혜화동,199759,453776,27,49,381828464,224961462,75039,199538610
경신고등학교,종로구,혜화동,199921,454166,33,58,69070924,17465738,8937,36548978
서울대병원,종로구,이화동,200139,453265,45,37,532955712,110619029,126182,259674370
혜회동주민센터,종로구,혜화동,200121,454192,12,47,79149890,48699049,12178,44434194
혜화역 1번,종로구,이화동,200507,453618,101,50,87216506,65475981,20035,50105808
이화달팽이길,종로구,이화동,200575,452995,23,54,124079104,40077167,17031,89462112
동대문역 1번,종로구,창신2동,200934,452953,124,52,6268364,3358776,2211,3490093
동묘앞역 2번,종로구,숭인2동,201699,452879,89,49,119571533,35750749,32016,48752930
신설동역 12번,종로구,숭인2동,201949,453159,38,52,8282852,590191,1754,3411884
중구회현체육센터(정화예술대남산캠퍼스),중구,회현동,198420,450734,6,68,187863829,1456962,21785,133274333
남산케이블카,중구,명동,198659,450764,3,72,163675352,63033124,20499,97484222
충무초등학교,중구,장충동,200090,451226,114,35,99020809,13185556,19678,54500060
동대문역사문화공원역 5번,중구,장충동,200434,451428,4,46,3065872,442579,545,1367079
장충동주민센터,중구,장충동,200749,451274,43,74,12103255,1574889,2576,5557332
장충단 고개,중구,다산동,200898,450889,45,63,197176104,88969045,33545,83298050
장충초등학교,중구,다산동,201128,451117,27,63,44699323,11706252,8491,21885713
청구역 3번,중구,청구동,201174,450806,21,53,154080034,50996100,29936,76447993
신당역 3번,중구,신당5동,201855,451480,36,51,79628178,36066409,14570,35291268
성심여자고등학교,용산구,원효로2동,195949,448136,49,53,341595576,42077090,46496,172141218
새남터성지,용산구,이촌2동,196084,447363,36,53,39990869,19198356,5052,21829307
효창공원앞역 6번,용산구,용문동,196339,448750,103,52,41589143,18038339,6662,12445664
효창동주민센터,용산구,효창동,196409,449179,81,57,45368167,14089886,7473,22516196
한강로동땡땡거리(은행나무길),용산구,한강로동,196643,447278,14,45,589465886,235635549,64180,353747442
효창공원앞역 5번,용산구,용문동,196702,448664,55,38,26724702,9651661,5214,11740680
효창공원앞역 2번,용산구,효창동,196816,449203,85,61,112501375,22187602,18935,36724808
서울역 15번,용산구,청파동,197079,450403,71,45,139741281,41402671,19966,78571552
배문고등학교,용산구,청파동,197116,449954,227,59,66999674,89298017,17846,51327934
남영역 1번,용산구,원효로1동,197107,449013,47,50,646174650,214014921,121648,371597228
숙대입구,용산구,청파동,197161,449524,72,48,1434931576,323108856,340902,618566845
서울역 12번,용산구,남영동,197716,450166,35,59,716580503,52321108,73598,335852220
숙대입구역 1번,용산구,남영동,197679,449714,47,60,443791311,135367562,49338,183920638
삼광초등학교,용산구,후암동,197919,449884,16,67,75304615,45202377,11642,33149635
후암동주민센터,용산구,후암동,198162,450065,237,63,415637879,150822699,66092,289437495
해방촌예술마을,용산구,후암동,198518,449757,134,50,3120125,4371563,527,699425
해방촌 남동측,용산구,용산2가동,198634,449401,68,49,225678349,199925327,34323,99372195
용산구청,용산구,이태원1동,199212,448107,13,72,830367568,269646157,118167,351656795
서빙고역 1번,용산구,서빙고동,199271,446786,8,60,40259183,5814954,2539,17752683
경리단길북측,용산구,이태원2동,199236,449136,61,59,126246733,47469496,19576,66270759
경리단길남측,용산구,이태원2동,199260,448806,77,84,339759172,282844097,34677,263395479
이태원엔틱가구거리,용산구,이태원1동,199502,448055,8,55,263570446,150845443,40213,141954132
한국폴리텍대학서울정수캠퍼스,용산구,보광동,199734,447571,27,122,118493631,48441131,26468,43890650
우사단길,용산구,한남동,200024,448092,92,72,253417931,107516249,44625,109085208
한강진역 3번,용산구,한남동,200198,448658,36,99,215135661,132395592,17949,65017345
한남힐사이드아파트,용산구,한남동,200260,449313,34,62,275736393,133707800,22182,129442978
서울독일학교,용산구,한남동,200952,448510,6,94,130103072,10147174,1196,35980185
옥수역 6번,성동구,옥수동,201423,449294,4,48,112876918,57699689,22315,57232158
옥수터널,성동구,금호4가동,201450,449586,4,58,18304746,8817795,4269,8596117
신금호역 4번,성동구,금호2?3가동,201782,450233,50,58,14995234,3481548,2641,7359083
금동어린이공원,성동구,금호2?3가동,202076,449956,53,52,64079076,33473303,21647,30861445
금북초등학교,성동구,금호1가동,202140,450763,58,44,2099247,0,141,280074
금호사거리,성동구,금호4가동,202203,449734,1,75,2939126,1638203,963,1461532
금호삼성래미안아파트,성동구,금호1가동,202316,450083,1,79,34651208,24641022,4063,15808118
상왕십리역 6번,성동구,왕십리2동,202454,451618,12,53,51568968,20314653,10320,25616379
행당역 2번,성동구,행당1동,202776,451078,36,56,58621279,36790165,17577,32718122
응봉산,성동구,응봉동,202786,449918,26,58,4038561,224325,584,1724461
상왕십리역 3번,성동구,왕십리도선동,202799,451762,22,39,81652181,25980580,14306,40020944
왕십리역 9번,성동구,행당1동,203170,450924,21,63,111696335,59137371,23588,51888598
서울숲카페거리,성동구,성수1가2동,203629,449746,5,68,19730208,13269792,2638,9537376
한양대역 4번,성동구,사근동,203699,450806,8,35,273451895,98101667,48745,58562909
마장역 2번,성동구,마장동,203900,452033,6,60,157656727,66727407,29635,68913914
뚝섬역교차로,성동구,성수1가2동,204001,450061,8,46,329014024,109953088,34966,167131813
사근동살곶이상점가,성동구,사근동,204116,451277,40,36,272880505,70596759,49010,154932069
서울숲역 1번,성동구,성수1가1동,204113,449554,9,42,62676855,31062047,7996,39062502
성수1가1동주민센터,성동구,성수1가1동,204367,449119,7,61,225949166,7642990,28759,90904225
성원중학교,성동구,성수1가1동,204412,448741,63,53,78319545,24175190,10462,24906961
성원어린이공원,성동구,성수1가2동,204438,450088,3,70,21837331,2162669,3053,11888181
성수동카페거리,성동구,성수2가1동,204716,449234,28,50,510828286,79577848,96514,254344337
성수2가3동주민센터,성동구,성수2가3동,204767,449989,30,36,27839043,4355602,3607,14821316
서울교통공사,성동구,용답동,205004,451461,6,51,73019313,2368834,8128,59171933
성수119안전센터,성동구,성수2가1동,205062,448509,46,60,44779263,37749389,5467,17003894
성동세무서,성동구,송정동,205254,449984,10,43,29456126,2734576,3365,18760930
경수초등학교,성동구,성수2가1동,205299,449009,17,54,239705210,111022213,42438,125356434
성수초등학교,성동구,성수2가3동,205519,449630,8,75,1169241425,136081199,223908,600126890
송정체육공원,성동구,송정동,205936,450143,25,42,49872914,24683723,17401,22959782
건대입구역 6번,광진구,자양4동,205807,448790,60,42,2806614,1731165,592,1019443
건대입구역 1번,광진구,화양동,205871,449295,24,33,34551711,9184342,5287,19940772
화양사거리,광진구,화양동,206028,449645,73,33,54541062,23193406,9369,14158320
어린이대공원역 4번,광진구,화양동,206355,449631,22,25,5368270,2911118,1032,1649570
신자초등학교,광진구,자양3동,206474,448005,52,57,16391873,11949540,3910,8019948
능동우편취급국,광진구,군자동,206519,450742,105,48,84416914,36034662,18572,36801711
어린이대공원역 3번,광진구,화양동,206673,449538,7,44,127296796,29674442,48712,67049933
세종대학교,광진구,군자동,206730,450336,21,58,9459477,4975768,2312,4813390
중곡1동 마을마당,광진구,중곡1동,206780,451324,83,47,40508283,12268980,7068,28995444
자양한강도서관,광진구,자양2동,206813,447963,86,47,156643976,90552908,44964,66141388
중곡어린이공원,광진구,중곡1동,206897,451708,26,46,6468681,4255711,279,911939
광진정말공원,광진구,자양1동,206980,448178,79,45,102003321,41953496,26914,44823906
광진구청,광진구,자양1동,207007,448746,73,58,83753605,20599794,11252,55169474
군자역 5번,광진구,능동,207110,450472,98,46,9714721,7982777,3005,7146612
자양동우체국,광진구,자양2동,207135,447836,136,52,28080195,11794492,6959,11576144
중곡3동주민센터,광진구,중곡3동,207154,452135,84,45,74775606,34706386,20688,34658758
구의역 4번,광진구,자양1동,207146,448388,155,44,88680737,50517110,20206,47685368
중곡역 3번,광진구,중곡3동,207394,452066,81,47,26511699,9378902,5352,17442161
군자역 4번,광진구,중곡2동,207315,450952,93,52,24221596,9341766,5022,12992774
성자초등학교,광진구,자양2동,207457,447914,70,51,87715792,42362995,28534,41090535
국립정신건강센터,광진구,중곡2동,207575,451405,80,51,70911544,32759480,13021,34460888
구의1동주민센터,광진구,구의1동,207558,449057,113,47,99088952,39338998,28357,37769077
용마초등학교,광진구,중곡2동,207600,450940,121,50,27536745,14546663,4736,7176983
성동초등학교,광진구,자양2동,207787,448123,54,46,65961081,17219725,10968,23779194
동대부여고,광진구,구의1동,207834,449143,135,44,73835697,47420436,28045,29023550
구남초등학교,광진구,구의3동,208034,448444,34,63,263476323,92678193,43408,103358440
아차산역 1번,광진구,중곡4동,208044,450658,104,57,62009404,50081423,12790,41392632
푸른동산공원,광진구,구의3동,208057,449077,109,48,4027930,941935,373,1394790
해오름공원,광진구,중곡4동,208142,450925,98,48,89581895,50886732,23222,27384650
장로회신학대학교,광진구,광장동,209139,449838,8,126,50431707,15707648,7753,30590299
광나루역 1번,광진구,광장동,209122,449629,18,51,1300880039,175302748,240137,576922053
광진정보도서관,광진구,광장동,209612,449948,23,90,332312708,232164825,47084,160008872
한국의류시험연구원,동대문구,용신동,202502,453159,3,54,44459560,9913367,8190,18766497
제기동역 6번,동대문구,용신동,202876,452949,34,55,139370266,70443361,34724,73792724
용두동신동아아파트,동대문구,용신동,202873,452509,26,53,41863377,10561940,7103,19966316
고대앞사거리,동대문구,제기동,203021,453940,32,49,23415433,2825183,3716,9779287
고려대역 6번,동대문구,제기동,203181,454240,12,42,219654319,82150398,42596,102394302
동대문구청,동대문구,용신동,203596,452957,36,45,82391199,14826771,13458,41191460
세종대왕기념관교차로,동대문구,청량리동,203649,454572,7,58,1785762,669660,274,1901541
전농119안전센터,동대문구,전농1동,204076,452936,2,43,6954840,1561289,213,0
떡전교사거리,동대문구,청량리동,204277,453931,17,51,27454185,8924602,3796,13506687
간데메공원,동대문구,답십리1동,204495,452665,28,53,295375102,161760005,53272,172240187
경희대삼거리,동대문구,회기동,204533,454605,32,52,150891684,76441019,26184,48964241
텃골근린공원,동대문구,전농1동,204578,453280,37,46,30316988,22480286,3101,16325004
시립대앞사거리,동대문구,전농1동,204615,453829,16,37,60722419,21094255,9841,26137265
서울시립대,동대문구,전농1동,204784,454008,65,49,565533625,155031097,161098,245633250
전곡마을마당공원,동대문구,전농1동,204828,453365,15,50,2226474,358132,320,1348565
답십리초등학교,동대문구,답십리1동,204987,452276,7,52,320944827,179354846,77632,115729289
청량초등학교,동대문구,이문1동,205004,454831,8,58,14476950,17714001,4058,10008071
경희대후문,동대문구,이문1동,204987,455329,23,55,625473394,249241400,131603,305003472
전농중학교,동대문구,전농2동,205156,453263,10,44,21421658,8576586,4649,11165161
답십리사거리,동대문구,답십리2동,205138,452341,13,55,42890669,15443117,6866,15555387
삼육보건대학교,동대문구,휘경2동,205315,454241,90,47,89379847,31266551,11552,62378682
외대앞역 1번,동대문구,이문1동,205403,455074,5,39,1175115632,432769601,279089,407365558
의릉,성북구,석관동,205397,456047,18,42,32409760,5185253,5321,13052553
장안1동주민센터,동대문구,장안1동,205884,452160,122,52,139945286,71303482,31050,46747872
답십리공원,동대문구,답십리2동,205920,452959,10,51,101060741,52194438,31225,46690406
장안근린공원,동대문구,장안2동,206152,452923,59,51,13621400,5931438,3200,6120573
장평중학교,동대문구,장안1동,206184,451672,102,59,25202045,7348555,5091,13609222
장안현대홈타운1차아파트,동대문구,장안2동,206324,452165,39,54,24693521,12130271,3697,18813066
동대부고,동대문구,장안2동,206490,453086,47,52,107755547,33552834,18396,43129203
중랑역 1번,중랑구,중화2동,206528,455158,59,44,14796606,4372143,2227,7964592
중랑역 4번,중랑구,중화2동,206502,454920,6,49,1403810,420079,59,159524
신묵초등학교,중랑구,묵2동,206616,456591,135,45,17259647,11203251,3804,9037866
메가박스 상봉,중랑구,면목2동,206601,454652,45,53,126365975,65284497,27094,65209482
태릉시장 특화거리,중랑구,중화2동,206782,455390,7,50,12333877,6619840,2352,6624237
먹골역 5번,중랑구,묵2동,206829,456519,34,45,33709386,10816971,4745,17566078
중랑노인종합복지관,중랑구,면목2동,206888,454287,49,57,11953951,4367643,2818,4987313
중화역 4번,중랑구,중화2동,206912,455985,15,49,63044216,29266468,14994,25224337
월드순복음교회,중랑구,상봉2동,206971,454832,40,43,120917669,50574161,20962,36671982
먹골역 1번,중랑구,묵1동,207001,456738,150,53,67619693,38008661,18977,32751389
중화역 1번,중랑구,중화1동,207071,456080,133,55,18494631,0,1865,9092163
장안중학교,중랑구,중화1동,207245,455571,75,50,9220576,3058802,2015,3628009
오거리공원,중랑구,면목7동,207331,453019,64,50,95312756,47323322,23856,42490286
상봉역 4번,중랑구,상봉2동,207311,454906,88,45,53154682,26423556,7498,19591901
면목2동체육관,중랑구,면목2동,207297,454482,118,52,3090423,610586,123,1574669
면동초등학교,중랑구,면목본동,207582,454086,64,46,24860543,10775681,7805,9227103
사가정역 1번,중랑구,면목3?8동,207605,453638,34,44,6532197,7027744,2532,7726013
면목역 3번,중랑구,면목본동,207615,454450,35,41,40301085,13698915,7347,12985632
사가정역 4번,중랑구,면목7동,207796,453176,63,48,111276565,54347272,33788,41444313
상봉역 3번,중랑구,상봉2동,207850,454983,81,38,51600396,21246496,10479,24416408
면목역 1번,중랑구,면목본동,207934,454695,104,48,26076439,22986784,5416,13520234
면목역 2번,중랑구,면목본동,208090,454193,160,49,9680077,5132358,1710,1553011
면목동우체국,중랑구,면목3?8동,208094,453739,67,44,20566310,12698822,7110,8520313
망우역 2번,중랑구,상봉1동,207896,455693,97,52,58866128,28597190,13896,22527646
망우3동주민센터,중랑구,망우3동,208341,454702,27,49,18030346,8969654,6024,7182972
혜원여고,중랑구,망우3동,208593,454695,13,50,16532913,5824654,2744,8475387
신내1동주민센터,중랑구,신내1동,208691,456291,40,56,597775144,314752122,129926,275827843
장스여성병원,중랑구,신내1동,208719,455672,24,47,21150252,4171163,5010,6719125
서일대학교,중랑구,면목3?8동,208722,454449,78,49,89150478,27328556,22851,46140063
하나은행 망우동지점,중랑구,망우본동,208807,455418,8,53,8493869,7024936,1833,8687720
러스크서울병원,중랑구,망우본동,209068,455483,32,57,51335657,30714067,10206,25352840
망우본동주민센터,중랑구,망우본동,209142,455775,19,45,63351843,36280623,11263,35929987
북정마을,성북구,성북동,199134,454845,1,95,37135598,25833709,2862,20868336
성북초등학교앞,성북구,성북동,199941,454796,5,64,39540934,11070872,5004,23520214
홍대부중,성북구,성북동,200122,454958,40,66,104356487,72322632,14817,59888176
한성대입구역 5번,성북구,성북동,200267,454472,47,69,154509155,104027599,19908,99250441
정릉3동주민센터,성북구,정릉3동,200322,456640,41,55,18392288,7829242,2578,11527458
동구여중,성북구,성북동,200468,454617,60,62,116681682,46245364,13742,62031426
한성대입구역 3번,성북구,삼선동,200879,454012,37,51,60514754,25064031,16607,28398196
정릉역 2번,성북구,정릉2동,200997,456070,3,60,4881045,780189,550,2177398
삼선중학교,성북구,성북동,200919,454642,44,64,91301462,40877532,21315,35205788
서경대학교,성북구,정릉4동,201084,456815,183,55,138406611,71798662,38870,51212167
정릉우체국,성북구,정릉2동,201097,456370,135,54,117031628,59895831,27348,53645048
성신여대입구역 4번,성북구,동선동,201319,454904,32,59,1016467161,475412823,185015,535898295
경동고등학교,성북구,삼선동,201254,454294,122,56,5945227,3268611,1194,3607615
정릉역 1번,성북구,정릉1동,201588,455814,32,55,65373991,44617272,18082,33852885
삼선동주민센터,성북구,안암동,201728,454413,39,37,615209510,288212360,199704,294611013
성신여대입구역 7번,성북구,동선동,201622,455143,48,59,8098939,4624587,1949,5751192
보문역 8번,성북구,보문동,201699,453779,12,55,64543957,43376535,12035,35142336
성신여대입구역 1번,성북구,동선동,201864,454954,40,51,28164718,12794065,4926,11677727
보문역 4번,성북구,안암동,201853,454151,22,40,79616883,29226001,20463,37440475
길음역 8번,성북구,길음2동,202156,456410,8,72,136991205,63703387,26779,48306682
대광초등학교,성북구,안암동,202174,453492,16,88,52182298,25204740,6771,24948294
안암역 2번,성북구,안암동,202569,454348,7,44,1326973702,325275883,304604,590800866
안암역 3번,성북구,안암동,202623,453826,9,30,1057541721,274948416,251435,478123130
종암경찰서,성북구,종암동,202860,455730,12,42,279928622,134983607,76900,116514395
종암아이파크2차,성북구,종암동,202967,455307,51,54,30910062,9595029,4998,16233107
숭곡초등학교,성북구,월곡1동,203036,456508,23,55,347627265,147856487,70629,191845679
종암중학교,성북구,종암동,203017,454857,21,67,431992898,136329346,82065,249690862
종암동주민센터,성북구,종암동,203175,455519,32,49,12046840,8953160,2340,6581703
상월곡역 1번,성북구,월곡2동,203943,456250,15,48,141760131,29143001,26766,59163264
상월곡역 2번,성북구,장위2동,204404,456574,56,59,10858793,4021428,1981,7222453
상월곡역 3번,성북구,석관동,204494,456315,36,46,7263636,20420914,4471,12098471
돌곶이역 1번,성북구,장위2동,204785,456784,32,51,21031782,9929084,5371,11363989
돌곶이역 8번,성북구,석관동,205071,456537,56,42,237516677,49903181,28854,118401428
돌곶이역 5번,성북구,석관동,205235,456656,30,48,43975954,13092386,10101,20695076
석계역 7번,성북구,석관동,205645,457031,64,51,324256200,198078903,69064,120244499
아카데미하우스,강북구,인수동,200625,460586,75,64,374303128,282895147,46013,221775747
북한산우이역 2번,강북구,우이동,200835,462472,86,68,20135211,23948060,4091,12265378
무너미어린이공원,강북구,우이동,201054,460584,123,52,2369589,561773,473,1161563
화계중학교,강북구,수유1동,201103,459244,22,49,22140886,4859114,659,2628843
솔밭공원역 2번,강북구,우이동,201113,461962,94,52,21794913,9630263,4225,8075382
4.19민주묘지역 2번,강북구,우이동,201112,461090,26,55,329776020,180475741,72183,108339616
강북문화예술회관,강북구,인수동,201295,460283,84,56,44070779,21230550,13912,19986453
가오리역 2번,강북구,인수동,201343,459984,62,52,70591565,42997098,14052,43447028
삼각산119안전센터,강북구,삼각산동,201493,457814,1,85,70674079,38364610,18146,32082650
삼양사거리역 2번,강북구,삼양동,201603,458000,34,50,13034631,7974681,2796,5381052
가오리역 1번,강북구,수유2동,201573,460422,19,59,4025497,4577269,969,720099
인수동 우편취급국,강북구,수유3동,201703,459587,90,50,14343410,3008242,2006,5869072
수유시장옆,강북구,수유3동,201763,459911,129,50,1107702,628104,375,576978
수유초등학교,강북구,수유1동,201790,459211,64,48,12688073,3935780,107,11072463
우이천 계성교,강북구,수유2동,201964,460744,149,50,10488104,9875889,2443,4291391
미아역 8번,강북구,미아동,202029,458632,66,49,0,514572,80,484597
강북구청,강북구,수유3동,202105,460127,14,56,162978744,83500566,27578,89260847
송천초등학교,강북구,송천동,202139,457232,35,48,4263777,2156676,978,2371184
성신여대운정그린캠퍼스,강북구,미아동,202277,459283,70,50,104859554,21047183,24088,37925372
도봉세무서,강북구,송천동,202381,457675,43,51,17833031,3784214,2015,8859824
삼양입구사거리,강북구,송천동,202451,457427,25,45,2076909,2459939,620,2109453
강북중학교,강북구,수유3동,202506,460397,61,49,53316912,29103025,9513,15671757
송중초등학교,강북구,송중동,202711,457804,83,53,43523555,11917783,7070,22330928
서울북부고용노동지청,강북구,번2동,202797,459422,64,48,32154771,8902959,5226,21086338
수송초등학교,강북구,번1동,202774,459976,108,49,62170073,36745030,10391,33048328
미아사거리역 3번,강북구,송중동,202936,456864,3,44,13101337,8971257,1337,6087202
송중동주민센터,강북구,송중동,203052,457230,25,51,11484015,4861432,2293,2871781
덕성여대시반거리,도봉구,쌍문1동,201215,461310,9,41,183481362,43381491,47809,82889985
쌍문초등학교,도봉구,쌍문1동,202159,461198,130,50,27101888,9761461,4995,10016205
도봉우체국,도봉구,쌍문3동,202678,460881,64,52,15942923,4623969,3065,9321497
방학초등학교,도봉구,방학2동,202823,462590,27,45,36293494,15931123,10228,9958939
국민은행방학지점,도봉구,방학3동,202933,462499,5,59,30839435,18441271,6617,12058417
방학중학교,도봉구,방학2동,203106,463000,121,51,23645467,12178418,12616,4134675
신한은행 방학동지점,도봉구,방학1동,203218,462687,18,45,6252602,9916272,1783,4660833
쌍문역1번(쌍리단길),도봉구,창1동,203218,460963,34,51,333092512,168504665,76957,127811982
도봉산입구,도봉구,도봉1동,203332,464982,208,49,214240446,144269126,77147,122260650
쌍문2동우체국,도봉구,쌍문2동,203278,461696,69,48,125122217,46627531,29574,60787905
창2동주민센터,도봉구,창2동,203454,460218,177,51,44587324,19060981,12841,18704736
도봉구보건소,도봉구,쌍문2동,203457,462153,81,54,2941385,938170,768,2057444
방학1동주민센터,도봉구,방학1동,203537,462802,62,50,7350039,3774235,1600,5426419
신창초등학교,도봉구,창3동,203576,459627,162,50,37754917,13632654,7904,15282672
방학역 1번,도봉구,방학1동,203619,463278,86,49,18679545,8055368,3959,7922656
도봉산역 1번,도봉구,도봉1동,203718,465573,37,50,195127948,164265294,43828,112237827
도봉역 2번,도봉구,도봉1동,203614,463983,123,49,78395154,30220297,19680,39832006
가인초등학교,도봉구,창5동,203661,462129,14,49,31031401,9481694,5036,15138879
창동역 2번,도봉구,창5동,203829,461718,48,50,290472255,181107444,58139,132339013
방학역 2번,도봉구,방학1동,203939,463274,28,47,141312454,67086277,31850,61708756
수락산역 4번,노원구,상계1동,204689,464016,106,56,350964371,183575240,86286,140505528
노원초등학교,노원구,상계1동,205046,463673,36,59,13815561,6778971,2158,5129712
월계역 3번,노원구,월계2동,205127,459237,10,47,11412881,2638138,2110,6157391
광운대학교 남단,노원구,월계1동,205120,457577,28,53,91382303,27561501,17053,46396180
수락산디자인거리,노원구,상계1동,205038,464087,29,60,239891550,137664620,62281,121979031
광운대역 1번,노원구,월계1동,205266,457942,23,49,372052137,105462955,88729,142585633
석계역 1번,노원구,월계1동,205573,457361,32,49,87527563,52937996,14339,29160570
석계역 2번,노원구,월계1동,205719,457498,3,66,16637434,12527669,3830,8634928
상계초등학교,노원구,상계2동,205957,462130,38,53,39144266,16915840,11739,15265137
계상초등학교,노원구,상계5동,206006,462411,60,50,69239819,35340571,10839,38493332
상계2동주민센터,노원구,상계2동,206148,461865,52,46,34006841,17020860,5779,17823395
상계5동주민센터,노원구,상계5동,206276,462728,127,48,101864507,61995602,11263,51239394
공릉동 국수거리,노원구,공릉1동,206455,457940,84,59,67631628,22947298,8651,36681977
상계역,노원구,중계4동,206556,462351,5,52,370942008,230452294,116366,146294065
대진고등학교,노원구,하계1동,206468,459617,31,53,33879625,921487,3027,16231686
공릉역 2번,노원구,공릉1동,206692,458322,75,47,178270782,90723751,16938,46498587
태릉입구역 4번,노원구,공릉1동,206724,457916,32,62,5041091,4588283,1459,1108709
서울과학기술대,노원구,공릉2동,206727,458887,2,82,202204631,77079785,55858,98118521
당고개역 2번,노원구,상계3?4동,206846,463073,18,58,20715852,342141,365,10020467
경춘선숲길 우측,노원구,공릉2동,206924,458484,43,48,116932487,58432967,24273,55646898
당고개역 5번,노원구,상계3?4동,206942,463518,81,56,3475843,1389601,130,803224
영신여고,노원구,중계본동,207291,461205,61,55,59775890,34609786,13452,27817547
화랑대철도공원,노원구,공릉2동,207943,458309,4,48,34523472,12400964,9988,16762496
내를건너서숲으로도서관,은평구,신사2동,191796,454593,20,54,8694519,2428330,1893,5070837
증산역 3번,은평구,증산동,191787,453767,94,60,113496957,50165517,15778,46824872
시립서북병원,은평구,구산동,191983,456211,221,54,92797987,8467357,11709,41305726
새절역 3번,은평구,신사2동,192273,454515,52,53,7205913,2339750,1357,3534560
신사1동주민센터,은평구,신사1동,192303,455136,228,54,36478979,29081095,8730,21440740
선정중학교,은평구,갈현2동,192299,457526,174,51,2601807,454723,462,1486747
역촌노인복지관,은평구,역촌동,192271,455990,214,55,128455427,58022127,39944,44976592
구산보건지소,은평구,구산동,192317,456472,243,54,11410802,8314548,2908,6589315
예일여고,은평구,구산동,192325,456907,140,55,121553427,51454039,25493,46154588
선일여고,은평구,갈현2동,192396,457958,161,54,126716732,69340569,39701,54482716
응암역 2번,은평구,신사1동,192366,455560,122,58,14833491,12697259,3679,9870565
구산역 4번,은평구,갈현2동,192498,457218,160,54,31378240,13370849,10088,13072929
새절역 2번,은평구,응암3동,192506,454562,33,53,20477147,17874322,3689,10065833
갈현건영아파트,은평구,갈현1동,192582,458461,154,53,6503302,250453,1333,2516091
응암3동주민센터,은평구,응암3동,192604,454716,36,45,45909692,32449369,8427,22494424
연신내역 5번,은평구,갈현2동,192658,457512,107,50,66703028,44783713,9790,22178820
연신내역 7번,은평구,갈현1동,192719,457984,53,52,197870716,109904183,53615,66843753
은평요양병원,은평구,갈현1동,192861,458363,22,49,13150278,11792927,2653,11534933
응암역 3번,은평구,역촌동,192780,455968,347,55,130118779,65129774,20557,65466978
응암정보도서관,은평구,응암3동,192812,454074,186,47,10796868,4333892,1699,5839535
신진과학기술고등학교,은평구,응암1동,192849,455298,48,58,6293586,1800400,969,1889515
연신내역 4번,은평구,대조동,193000,457351,124,53,27643841,10558730,6141,11515714
구산역 1번,은평구,대조동,193014,457016,238,51,8289153,5588985,577,1365856
백련산해모로아파트,은평구,응암1동,193130,455354,74,52,85598298,42719623,12567,42437627
은평세무서,은평구,녹번동,193336,455907,81,55,63282207,10882040,8977,36839397
연신내역 2번,은평구,불광2동,193382,458068,60,48,22331999,10643389,4896,9780441
불광역 7번,은평구,대조동,193522,456966,78,49,74673610,34553279,17139,36978915
연신초등학교,은평구,불광2동,193583,458450,26,54,13271648,36687,2109,5830231
역촌역 3번,은평구,녹번동,193559,456301,213,48,4344761,3033935,1204,1733676
연신내우체국,은평구,불광2동,193759,458017,66,50,28773738,12766197,9739,12293206
은평구청,은평구,녹번동,193642,455881,54,55,198375625,55215277,37000,102352178
불광역 8번,은평구,불광1동,193806,456935,2,37,91143829,36224478,21969,43908739
우리은행응암동지점,은평구,응암1동,193806,455674,90,57,14015863,9079002,2553,10812441
북가좌2동주민센터,서대문구,북가좌2동,192016,453516,208,54,113946354,71071572,18344,71336347
모래내우체국,서대문구,북가좌2동,192218,453273,42,53,83702962,44418733,30977,40583770
증산역 1번,서대문구,북가좌2동,192362,454070,102,51,73012910,49805728,18024,32534583
연가초등학교,서대문구,북가좌2동,192836,453604,193,56,8373584,2469263,740,2036993
남가좌동현대아파트,서대문구,남가좌2동,192917,452686,3,71,56362052,18403509,8731,21958270
연희어린이공원,서대문구,연희동,193028,452001,29,64,32256414,24469545,4878,17319992
남가좌파출소,서대문구,남가좌2동,193174,452938,59,48,18126758,12258076,3675,9273667
명지대학교교회,서대문구,남가좌2동,193247,453681,111,46,328172355,111230372,55091,130697229
명지대학교,서대문구,홍은2동,193437,453250,165,47,507422137,173827505,136483,203123237
서연중학교,서대문구,연희동,193595,452248,18,65,476513604,328996324,77273,262469096
연희대우아파트앞,서대문구,신촌동,193678,451158,84,50,396818211,183513153,86979,173529116
홍연시장,서대문구,연희동,193904,453009,21,55,38684753,20917201,7748,28497175
연희초등학교,서대문구,연희동,194055,451806,99,64,123619124,9006139,23870,59404709
연희파출소,서대문구,연희동,194116,452409,22,72,124920083,64335640,15100,57915931
서대문우체국,서대문구,신촌동,194063,451114,20,45,191432397,110783215,33501,62215426
서대문소방서,서대문구,연희동,194394,452679,23,104,10924842,5385370,1340,7242331
서대문구보건소별관,서대문구,홍제1동,194442,453988,117,57,11233225,9537763,2793,8807023
경의중앙 신촌역,서대문구,신촌동,194757,450919,22,56,16509530,8321281,4640,5400346
홍제역 4번,서대문구,홍제1동,194925,454327,8,47,21735594,9423715,4243,15497492
홍제역 3번,서대문구,홍제1동,195088,454097,36,59,8573848,1670676,1910,4381100
연희세브란스병원,서대문구,신촌동,195078,451634,3,43,345689628,83298816,42994,164741769
홍은종합사회복지관,서대문구,홍은1동,195233,455053,4,59,84149637,52684167,27722,39130401
봉원사,서대문구,신촌동,195306,452138,22,39,87179937,863268,5989,36499151
홍제역 2번,서대문구,홍제3동,195323,454390,29,48,8725555,1627440,1196,4465301
서울여자간호대학교,서대문구,홍제3동,195385,455125,31,54,62655247,36896227,13047,32923568
홍제3동주민센터,서대문구,홍제3동,195418,454778,63,55,14601863,8987797,2520,6010038
아현역 2번,서대문구,북아현동,196252,451127,26,62,766317,585830,81,342368
충정로현대아파트,서대문구,충현동,196781,451522,4,63,33784313,5571171,5948,17018145
충정로역 3번,서대문구,충현동,196883,451251,1,67,90538167,2890203,2700,13911374
미근동,서대문구,충현동,197093,451559,1,46,133754626,187280,15987,75063005
동교초등학교,마포구,망원2동,191287,450928,119,49,70847002,66249762,12056,34280365
마포구청역 7번,마포구,망원2동,191345,451292,123,50,179115580,91619097,43419,63007516
중암중학교,마포구,성산2동,191421,452638,27,50,17744532,7177008,3888,8488736
망리단길,마포구,망원1동,191619,450607,339,46,1029803416,865284111,243738,522035739
마포구청역 1번,마포구,성산2동,191544,451746,23,44,350025917,164689786,101422,158515450
양화대교북단,마포구,합정동,191662,450075,99,48,49657914,17518508,7547,22471191
KB국민은행 망원동지점,마포구,망원2동,191646,451113,52,51,104714029,44140187,28126,38820341
마포구청역 4번,마포구,성산1동,191712,451412,87,46,93300307,51855550,22164,53260872
새터산,마포구,성산2동,191929,451850,60,52,8457188,3082471,2008,4209863
합정역 8번,마포구,합정동,191993,450196,185,50,228926494,101812036,39525,119171312
성서초등학교,마포구,성산1동,192011,451116,120,58,66459121,31307605,12578,26957717
가좌역 2번,마포구,성산2동,192127,452064,64,48,23405525,12594475,3995,13681056
망원역 1번,마포구,서교동,192277,450762,128,49,185528654,60736539,24951,79847352
홍익지구대,마포구,서교동,192243,450433,5,65,53291921,10169473,7269,24712972
홍대부속여중고앞,마포구,서교동,192530,450970,82,51,124031267,28240076,19145,71996538
경성고등학교,마포구,성산1동,192565,451651,238,53,330199568,140824865,45833,197131829
성산중학교,마포구,합정동,192688,449683,73,51,725696720,557546519,87499,335059161
마포FM,마포구,연남동,192787,451180,41,50,9285619,1521684,1156,4249299
상수역 4번,마포구,서강동,193020,449646,94,43,397443534,217385285,54757,161862933
연트럴파크(연남동주민센터),마포구,연남동,193227,451584,70,49,560066687,462987368,81430,240211029
홍대입구역 3번,마포구,서교동,193428,451158,9,47,452020236,314563791,52475,124044572
홍익대,마포구,서강동,193630,450369,50,44,109481240,79806560,14133,22920310
경의선책거리,마포구,서교동,193685,450750,24,52,1362190821,828236432,243480,527272749
광흥창역 6번,마포구,서강동,193708,449746,2,29,1777733,685871,350,630511
광흥창역 1번,마포구,서강동,193929,449952,1,75,54321294,13881450,14768,25041606
홍대땡땡거리,마포구,서강동,193992,450570,15,54,464135449,248171225,86107,199447637
KB국민은행 서강지점,마포구,신수동,194258,449405,3,58,478077321,143940299,77140,214350246
신수동주민센터,마포구,신수동,194370,449562,42,52,28015836,10687677,5356,12522155
서강대역 1번,마포구,신수동,194437,450111,31,44,537969628,231278510,171515,223291921
신촌역 6번,마포구,대흥동,194527,450416,2,47,19628686,2944140,5849,8756408
대흥동주민센터,마포구,대흥동,194807,450616,28,32,10710720,4729882,1949,4506300
대흥역 3번,마포구,대흥동,195036,449638,4,46,427636835,126940773,48527,164850032
대흥역 2번,마포구,염리동,195146,449859,32,28,307414917,115879498,100902,116349180
마포역 4번,마포구,도화동,195146,448511,18,84,45874412,1468605,6404,22083724
양원초등학교,마포구,대흥동,195137,450415,8,43,10484846,1639319,1570,6700130
이대역 5번,마포구,염리동,195312,450646,27,42,161002156,79337309,33845,83293597
서울서부지방법원,마포구,공덕동,196159,450001,38,56,344081950,52926626,47860,183849746
공덕동주민센터,마포구,공덕동,196316,449878,28,52,18604749,4690791,2898,9254748
한겨레신문사,마포구,공덕동,196474,449809,18,55,95850139,32092606,19276,47016636
충정로역 6번,중구,중림동,196681,450974,69,57,19613227,6470131,5180,8518920
신월3동주민센터,양천구,신월3동,184691,448235,43,46,91804864,44224176,29854,41891433
신월중학교,양천구,신월5동,184761,449104,52,60,29646885,2668340,5121,16756923
메디힐병원,양천구,신월5동,184977,448713,139,51,106820600,32055280,29158,40626340
서서울호수공원,양천구,신월3동,185107,447773,71,47,27587087,17173326,8984,10837225
신월문화체육센터,양천구,신월7동,185267,446690,130,42,51699278,23119211,9390,22548541
신월1파출소,양천구,신월1동,185318,447959,57,53,15465134,9010857,2698,8657528
신월7동주민센터,양천구,신월7동,185402,447045,243,41,29036095,21453433,6542,13290717
신월1동우편취급국,양천구,신월1동,185551,447619,154,48,39841362,20950121,14165,15880712
지향초등학교,양천구,신정3동,185868,445909,12,41,28302994,13748295,4726,16611265
신월4동주민센터,양천구,신월4동,185801,447110,98,56,2452296,0,550,801915
신한은행 신월동지점,양천구,신월4동,185964,446724,122,57,46261312,25738688,16897,20755814
신월2동주민센터,양천구,신월2동,186375,447299,188,54,56511053,36488947,12433,27037529
신정역 1번,양천구,신정4동,187335,447451,112,50,2668581,331419,538,1101152
신정역 5번,양천구,신정4동,187264,447115,185,51,106703101,39543488,26757,36220171
목동로데오거리,양천구,신정4동,187652,447633,46,56,4679356,508637,856,2559786
신서초등학교,양천구,신정1동,187732,446840,9,65,80502167,10195672,11123,40453431
양목초등학교,양천구,신정4동,187814,447073,27,50,2753109,342189,208,1990726
등촌역 4번,양천구,목3동,188071,449651,57,48,4761991,3531034,877,1829018
강서고등학교,양천구,목4동,188103,448419,171,50,17633403,7922112,3586,8495058
목동보건지소,양천구,목4동,188258,448850,230,54,83856921,53314998,28459,32566010
목동역 5번,양천구,목1동,188298,447305,8,77,29971395,16463452,10771,13903979
달마을공원,양천구,목2동,188467,449542,120,51,31028716,13972785,6797,11650144
신정2동주민센터,양천구,신정2동,188656,446559,32,56,79699480,31681925,21456,44219672
양화초등학교,양천구,목2동,188812,449453,234,49,15617848,5367526,1918,6255738
신정롯데캐슬아파트,양천구,신정2동,188832,446731,20,49,71125540,26342845,13401,30761210
신목동역,양천구,목2동,189379,449524,53,47,421006,181357,117,297942
공항시장역 1번,강서구,방화2동,183081,451771,77,50,39762501,16639463,8032,21567383
방화초등학교,강서구,방화2동,183212,452183,74,49,885258,823543,171,380916
방화역 3번,강서구,방화1동,183317,452821,20,55,136618452,48025464,26927,78202735
송정역 3번,강서구,공항동,183513,450893,184,40,22484163,9128619,3441,12180834
방화역 2번,강서구,방화1동,183479,452754,17,55,68478229,31063933,14813,29616101
신방화역 2번,강서구,방화1동,183578,452151,89,47,67921323,39718508,19983,34244343
신방화역 8번,강서구,방화1동,183627,451855,34,53,12245909,1957613,1815,2807903
방화역 1번,강서구,방화3동,183716,453166,36,57,233012877,96022680,50673,129603454
공항고등학교,강서구,방화1동,183939,452510,18,55,37320525,16689692,7358,18090805
강서구다솔마을,강서구,공항동,183982,450681,2,30,56174658,3195620,3716,23441125
우장산역 4번,강서구,발산1동,185289,450314,143,56,628744477,306069489,103873,257111715
푸른들청소년도서관,강서구,화곡3동,185451,449406,184,54,113106771,50444528,26804,45565258
화곡역 5번,강서구,화곡1동,185643,448807,232,48,9140944,5649649,1726,4018913
우장산역 1번,강서구,우장산동,185667,450397,67,52,136959384,84729682,28869,57655790
우장산힐스테이트,강서구,우장산동,185747,450632,12,62,4144456,1855544,658,2402915
화원중학교,강서구,화곡1동,185784,448561,184,50,94966956,45069973,18909,40071798
양천향교역 2번,강서구,가양1동,185848,452384,42,53,65421324,15525940,15772,30480395
화곡역 2번,강서구,우장산동,185990,449471,82,53,1212458,468338,276,576682
까치산역 4번,강서구,화곡1동,185968,448182,364,49,127666128,63662624,21947,61801713
발산역 5번,강서구,우장산동,186090,450860,21,55,254363759,121000269,42846,113611460
까치산역 3번,강서구,화곡1동,186119,447708,116,49,28255753,17332544,6491,13004516
양천향교역 5번,강서구,가양1동,186180,451900,2,53,211340128,54148186,42590,104129565
화곡역 4번,강서구,화곡본동,186429,449017,724,51,204901585,83997013,52641,76884758
등촌3동주민센터,강서구,등촌3동,186507,450988,19,57,313304188,181897634,86314,164682760
까치산역 1번,강서구,화곡8동,186666,448383,425,53,13691407,6087379,2287,4470602
우장산롯데캐슬아파트앞,강서구,화곡6동,186697,450527,31,57,226052561,77902485,29715,115620037
곰달래도서관,강서구,화곡2동,186976,447805,133,50,824064,39865,273,503437
화곡2동주민센터,강서구,화곡2동,187035,448118,270,50,34960277,1529442,7472,7112292
신곡초등학교,강서구,화곡4동,187264,448458,228,51,10537321,6314904,2426,5223882
등촌1동주민센터,강서구,등촌1동,187561,450691,84,52,299783239,72637015,46259,131331666
뜸부기어린이공원,강서구,화곡4동,187599,447889,91,46,5387630,1332174,595,2205370
화곡4동주민센터,강서구,화곡4동,187674,448535,207,50,7587250,5995117,1867,3782422
서울공연예술고등학교,구로구,수궁동,184965,444368,47,51,145905448,46310899,26266,64445691
수궁동주민센터,구로구,수궁동,185334,443922,93,54,18048954,5787356,1967,13174377
오류지구대,구로구,오류1동,185730,444002,53,51,4776069,3300976,515,2130049
오류2동버들시장,구로구,오류2동,186120,443658,46,53,62327721,27092540,14223,28443348
세곡초등학교,구로구,고척2동,186504,445043,107,49,18306757,8428010,3850,6204144
개봉1동주민센터,구로구,고척2동,186895,444572,63,50,89187388,35392034,17544,46984530
개봉3동주민센터,구로구,개봉3동,187085,442783,87,49,19596388,14491385,3981,10062101
개웅초등학교(개웅중학교),구로구,개봉3동,187021,443233,198,55,5629344,848249,1073,1336597
덕의초등학교,구로구,고척2동,187204,445195,23,51,19825759,6602844,3073,10098173
고척초등학교,구로구,고척1동,187387,444733,65,51,3415015,655803,480,1615233
고척동성당,구로구,고척2동,187600,445118,14,57,26289282,23937860,5805,17680646
개봉초등학교,구로구,개봉3동,187521,443242,55,50,9530338,8585690,2537,5393048
개봉역,구로구,개봉1동,187529,443979,29,56,148642299,81563881,37200,51947793
그라운드 고척,구로구,고척1동,188121,444651,3,53,313027083,146642719,81494,139322543
남구로역 3번,구로구,구로2동,189736,443055,119,55,255340,80554,84,160347
구로초등학교,구로구,구로2동,189750,444136,34,50,61168145,6769657,10375,27387660
남구로역 5번,구로구,구로4동,189968,443117,396,45,2576583,851962,30,0
구로보건소,구로구,구로5동,190029,444650,59,51,83342362,28660073,15560,38279439
구로4동주민센터,구로구,구로4동,190201,443547,50,47,119317478,70037593,46904,64781596
구로나눔길,구로구,구로2동,190166,443834,17,37,272862368,83424005,29287,137318908
남구로역 2번,구로구,가리봉동,190184,442766,357,52,51002381,15209151,11654,18686689
한국SGI본부,구로구,구로5동,190345,444894,13,56,102113873,58172751,17799,46495057
대림역 2번,구로구,구로4동,190545,443726,14,70,20363206,13282077,3736,4836793
가리봉파출소,구로구,가리봉동,190534,442240,72,55,33522178,10655602,4558,18855463
G타워,구로구,구로3동,190905,442315,14,56,53506176,18493824,3198,11946622
가산동주민센터,금천구,가산동,190311,442041,4,15,125724943,28267113,28540,63066869
금천철쭉어린이공원(금하마을),금천구,독산1동,190327,439326,11,50,3657300,4455191,1018,3024779
가산동우체국,금천구,가산동,190558,442071,25,47,6701062,1702200,1588,1811549
서울축산농협 독산역지점(독산파출소),금천구,독산1동,190703,440614,54,41,13537276,7462724,2352,4422147
금천구청역 1번 출입구,금천구,시흥1동,190837,439525,12,49,334479975,37613366,37338,132835199
가산초등학교(세일중학교),금천구,독산1동,190933,441835,30,51,89055909,15798085,11557,39878172
말미고개,금천구,독산2동,191078,440370,75,47,6861843,8138157,2495,5283231
독산119안전센터,금천구,독산4동,191226,440910,98,53,5351945,3403729,1294,1693822
문성초등학교,금천구,독산3동,191269,441435,40,49,21694361,40155967,2099,10283345
KT금천빌딩(금천구시설관리공단),금천구,시흥1동,191404,438635,3,49,61066293,54656103,10921,34860599
시흥초등학교(시흥1동우체국),금천구,시흥1동,191533,439560,65,45,7855951,5727127,448,467261
독산동성당,금천구,독산4동,191524,441254,99,58,41645512,22829932,8767,13090403
독산동정훈단지,금천구,독산2동,191510,440729,35,52,83206565,46112218,30022,38516147
석수역 1번 출입구,금천구,시흥3동,191566,437249,36,58,24342532,15243700,4837,16327241
금산초등학교(금천고등학교),금천구,시흥3동,191606,438077,124,58,18890710,8109290,3518,8892085
시흥4동주민센터(서울신흥초등학교),금천구,시흥4동,191736,439818,50,51,99955263,57015661,37061,44957080
한울중학교,금천구,시흥4동,191944,440258,146,51,2986477,2593004,823,2113181
시흥동 은행나무사거리,금천구,시흥5동,191899,438831,85,52,71517207,39167179,20225,36480942
동일여자고등학교,금천구,시흥2동,192287,439057,17,51,68942975,32178398,19611,32598711
문래중학교,영등포구,양평1동,189708,447052,1,67,7260257,1446547,1685,3586312
양평역 2번,영등포구,양평1동,189756,447266,6,45,68057066,30303730,13045,31497449
선유도역 6번,영등포구,양평2동,190490,448546,4,53,612988697,125150272,141598,299813496
선유도역 1번,영등포구,양평2동,190523,448983,140,43,840421515,329459053,149959,429472941
영등포구청역 2번,영등포구,당산1동,190681,447439,16,46,520538210,77948650,73800,276417498
대림역 5번,영등포구,대림3동,190843,444085,63,43,8585009,6321862,263,0
영등포구청역 6번,영등포구,당산1동,190958,447050,11,43,11866037,12133963,1680,6070856
당산반도유보라팰리스아파트,영등포구,당산2동,191142,447658,13,39,30641475,7369040,5221,17242963
도신초등학교,영등포구,대림3동,191374,444236,45,52,1906094,307573,222,687766
구로디지털단지역 4번,영등포구,대림2동,191373,443246,30,44,55573434,21957592,8364,22818337
영등포푸르지오아파트,영등포구,도림동,191520,445527,31,50,4965115,1034885,813,1632151
당산역 8번,영등포구,당산2동,191584,448284,41,40,7925340,1414989,764,4902669
대림성모병원,영등포구,대림1동,191713,443474,21,52,79122824,25085818,11425,37616213
신풍역 3번,영등포구,신길5동,191799,444488,1,82,18583019,8432716,4430,10603630
영등포역 2번,영등포구,도림동,191832,445827,49,50,122093442,71392435,26243,60759019
영동초등학교,영등포구,당산2동,191894,447582,25,45,163875383,61347619,23804,89135539
신풍역 1번,영등포구,신길6동,192291,444455,18,60,16686803,12803334,3502,8923105
영신초등학교,영등포구,신길1동,192632,445721,28,43,104540679,57388390,31987,45639163
신길6동주민센터,영등포구,신길6동,192681,444264,19,45,242922513,83670969,60227,125576290
보라매역 6번,영등포구,신길6동,192848,444620,19,38,31372981,189721,7908,16740403
서울지방병무청,영등포구,신길7동,193077,445339,14,57,92457963,34535228,17118,58226445
공군호텔,영등포구,신길1동,193118,445802,47,45,151741920,78316427,31052,66513332
신대방역 4번,동작구,신대방1동,192134,443262,55,47,157147565,82460195,30220,78895043
성남고등학교,동작구,대방동,193252,444990,54,54,58512116,28226060,13156,23235480
보라매역 2번,동작구,신대방2동,193222,444165,98,56,118076847,24001957,16282,61514656
신대방삼거리역 3번,동작구,신대방2동,193495,443992,47,58,108422187,48075955,21344,43236275
대방역 3번,동작구,대방동,193544,445834,6,54,110486753,36310514,25654,49996904
신대방삼거리역 1번,동작구,상도3동,193977,444086,181,58,16841945,12954416,4634,7789481
장승배기역 4번,동작구,상도2동,194212,444888,65,51,35742270,19844920,4578,13188319
NH농협은행 상도동지점,동작구,상도4동,194245,444648,32,51,67546243,37397353,14692,37297921
노량진역 6번,동작구,노량진2동,194358,445728,67,55,213471669,37002150,43970,123931533
상도초등학교,동작구,상도4동,194593,444510,64,50,13662765,4600040,1321,2650668
상도4동주민센터,동작구,상도4동,194748,444356,64,53,37240256,18613883,13160,15695862
상도역 2번,동작구,상도2동,195157,444896,33,54,3159959,2194295,660,1916891
상도역 5번,동작구,상도1동,195705,444812,179,55,431306544,165091247,116917,183668219
숭실대입구역 1번,동작구,상도1동,195884,443947,70,58,209472680,83548291,43767,112624140
숭실대입구역 4번,동작구,상도1동,196190,443894,8,55,770132475,242593799,232557,359737105
중앙대학교,동작구,흑석동,196335,445395,27,64,565095830,176132538,160243,205070338
흑리단길,동작구,흑석동,196906,445314,1,60,232641228,84182298,49271,87790998
남성역 1번,동작구,사당4동,197550,442407,186,49,193592616,85546476,47069,79848076
예술인마을,동작구,사당1동,197545,441956,144,60,25794301,8159730,6296,11402261
양지어린이공원,동작구,사당1동,197855,442468,92,47,5200043,2477021,1078,2697751
사당역 10번,동작구,사당1동,198068,442220,112,49,246255918,156197238,49563,98401252
이수역 9번,동작구,사당1동,198205,442660,13,53,13685955,15334611,2734,6049423
KT구로지사,관악구,조원동,191353,442391,29,39,68670273,13589738,10797,32479160
조원동주민센터,관악구,조원동,191838,442556,26,54,21564114,7017810,4421,9558591
신대방역 2번,관악구,조원동,192238,442777,50,45,187384049,101591486,57999,69153171
미성초등학교,관악구,미성동,192319,442269,67,44,41531601,30576201,9521,15500315
신대방역 1번,관악구,신사동,192456,443061,3,24,71480433,38815442,17477,19476324
난향초등학교,관악구,난향동,192625,440416,39,59,35691736,13825151,6308,17802532
호림박물관(성보고등학교),관악구,미성동,192858,442483,25,47,4006744,1993256,1432,1576126
관악구신사동주민센터,관악구,신사동,192729,442721,72,58,42307642,18039349,11223,19019547
난우초등학교,관악구,미성동,192760,441872,71,53,112229908,48553092,28885,43577432
남강고등학교(남강중학교),관악구,난곡동,193005,441570,192,49,193162069,94837931,66908,79046049
난우중학교,관악구,난곡동,193145,441089,51,48,24665317,14334683,8105,11161387
남부초등학교,관악구,신사동,193212,442810,41,47,17643790,12766326,2889,3816860
"신림역 5번(신림동주민센터, 신림동별빛거리)",관악구,신림동,193410,443070,96,43,171616671,95905472,36639,61718105
신원동주민센터,관악구,신원동,193568,442344,11,44,71912888,29451793,13832,37391720
당곡중학교,관악구,보라매동,193763,443532,59,54,38902356,22195719,9609,13683709
보라매동주민센터(당곡고등학교),관악구,보라매동,194004,443276,53,60,20577242,13123971,4434,6523413
신림역 8번,관악구,신림동,194080,442990,31,32,325623991,132747635,27348,77588868
신림현대아파트,관악구,삼성동,194114,441623,4,57,12723094,5095291,3067,6528026
신림역 1번,관악구,서원동,194115,442727,17,55,2166985,2715106,778,2797961
구립대학경로당(관악산샘말공원),관악구,대학동,194358,440921,39,51,726545427,345627896,246879,292869131
신성초등학교,관악구,서림동,194361,441512,50,50,61520205,27473423,11651,33523609
은천초등학교(은천교앞),관악구,보라매동,194431,443088,56,53,22780742,10340149,4316,8020435
봉천역 4번(봉천110안전센터),관악구,은천동,194626,442864,5,56,18229760,4429226,214,777057
영락고등학교,관악구,서림동,194629,441770,78,51,11787088,9393371,3251,5874801
관악해태어린이공원,관악구,서림동,194687,441400,17,54,112266755,56121485,40335,57575041
청룡동주민센터,관악구,청룡동,195012,442181,7,41,35604830,21741976,6380,17809843
봉천역 1번(관악초등학교),관악구,청룡동,195190,442296,27,54,23126559,20165882,5359,10931822
구암초등학교,관악구,성현동,195414,443215,23,54,54634891,13913996,11684,19907565
관악구 중앙길,관악구,중앙동,195677,442761,146,56,45323268,26251073,12121,16516304
샤로수길,관악구,낙성대동,196117,441883,89,61,261414608,174032146,45597,101618758
관악우성아파트,관악구,행운동,196226,442968,1,29,10984651,3960434,2486,5953518
서울대입구역 8번,관악구,행운동,196233,442468,45,50,10999251,9701712,2399,3515075
낙성대역 1번(관악구민 종합체육센터),관악구,인헌동,196764,441656,124,53,75527183,50214778,22028,23425894
인헌고등학교(인헌중학교),관악구,인헌동,197183,441216,127,56,50238340,39432304,13983,28565757
사당역 4번,관악구,남현동,198001,441642,166,66,87920343,59520520,21127,64239006
방배아이파크아파트,서초구,방배본동,198645,443636,64,59,86035263,17385024,14167,28458224
이수역 5번,서초구,방배2동,198658,442868,19,52,57616511,27769545,14689,31254974
방배노인종합복지관(이수중학교),서초구,방배2동,198767,442486,98,61,28160402,5084964,3991,5818743
방배초등학교,서초구,방배4동,198700,443064,89,57,34062921,16771328,6182,15365746
구반포역,서초구,반포본동,198833,444737,2,119,1626085,137047,200,1315034
남태령역(서울전자고등학교),서초구,방배2동,199023,440767,7,71,29656341,7231280,4087,18145450
방배동사이길,서초구,방배본동,199133,443860,4,54,343740489,94225976,77289,168358090
방현초등학교(방배119안전센터),서초구,방배3동,198951,441910,133,57,7301573,419170,417,1914330
서래초등학교,서초구,방배본동,199372,443950,54,156,441728248,224013415,45187,230849856
내방역 4번,서초구,방배1동,199314,442867,106,52,98376168,19306322,8540,22073321
방배역 3번,서초구,방배1동,199432,442516,85,57,4260344,0,216,3612815
서울프랑스학교,서초구,반포4동,199704,444220,42,105,160648858,23393509,4726,29028232
내방역 1번,서초구,방배1동,199733,442978,68,63,34798424,13156644,4911,18936409
반포4동주민센터(몽마르뜨공원),서초구,반포4동,200061,444151,71,112,99336119,37484523,3170,62483782
서초중학교,서초구,서초3동,200617,443038,72,76,129826047,31141794,25364,70511251
신중초등학교,서초구,서초3동,200709,442463,90,69,48765412,5132359,8072,29178805
남부터미널역 1번,서초구,서초1동,201821,443233,61,81,7199738,243914,956,5089309
서초동성당,서초구,서초1동,201869,443675,16,81,27604229,2261892,4224,12347535
삼성전자서울R&D(서울우면초등학교),서초구,양재1동,201846,440746,2,123,635285815,40645155,76796,361633144
우면주공아파트,서초구,양재1동,202315,441057,59,63,59032440,4216745,5057,45570316
더케이호텔(양재리본타워2단지아파트),서초구,양재2동,203096,440710,18,88,793269824,149147708,65133,642705617
방아다리근린공원(횃불트리니티신학대학원대학교),서초구,양재1동,203216,442094,18,195,269474414,0,36917,154133972
바우뫼공원,서초구,양재1동,203215,441748,23,58,277803501,152484203,40200,189873009
양재역 8번(양재동우체국),서초구,양재1동,203504,442512,132,66,731590763,51034816,91505,458909802
언남고등학교,서초구,양재2동,203702,441596,16,46,79475467,2990897,9572,39666256
염곡동 구룡사(포이동성당),서초구,양재2동,204060,441129,233,56,287833686,97512817,42375,175527728
법제교육센터(버들어린이공원),서초구,양재2동,204103,441561,38,52,58599721,16951882,6313,38788714
청계산원터골,서초구,양재2동,204990,438236,1,56,118928746,96422325,11934,100806244
한남IC,강남구,신사동,201701,446824,3,77,141966640,42588730,18096,70275435
신사은행나무공원,강남구,신사동,202237,446807,15,49,23087775,15145924,1863,17784896
국기원,강남구,역삼1동,202530,444776,3,38,1428987863,1005249423,152774,498318411
논현초등학교,강남구,논현1동,202603,445503,175,48,44633476,12957761,4503,16387120
언북중학교,강남구,논현2동,202797,446468,45,59,271203738,37004299,40049,137968446
역삼역 4번,강남구,역삼1동,202887,444846,22,73,91257847,16055230,15876,53399287
언주역 3번,강남구,논현2동,203028,445716,47,61,87160945,14067294,9389,59367305
언주역 6번,강남구,역삼1동,203346,445193,62,48,84679327,5193215,11672,41136980
논현2동주민센터,강남구,논현2동,203386,446575,50,59,229399997,35092376,32662,118819410
역삼역 8번,강남구,역삼1동,203374,445011,30,49,42097449,5847361,5209,28139796
강남구청역 2번,강남구,논현2동,203552,446131,11,67,18813641,0,2785,11360181
강남세브란스병원미래의학연구센터,강남구,역삼2동,203759,443901,55,53,78777799,13333188,9988,37436978
언북초등학교,강남구,청담동,204115,446924,45,65,39562197,16166000,2500,18051768
개포지구대옆,강남구,개포4동,204236,442346,70,59,29267653,9638023,4254,16556444
국악고교사거리,강남구,개포4동,204328,441797,54,54,276782076,123369258,38649,142883154
국립국악고등학교,강남구,개포4동,204448,442053,64,57,49967175,21243504,8620,31135353
포이초등학교(개포목련어린이공원),강남구,개포4동,204610,441598,101,53,164004853,48850321,27158,83859359
청담근린공원,강남구,청담동,204605,447083,27,97,28699452,1697910,2531,19490935
대치동아우편취급국,강남구,대치4동,204819,444825,52,45,32355489,1750400,3599,20201489
청담역 12번,강남구,청담동,204869,446787,6,58,30081753,18326064,5382,19391496
도곡초등학교,강남구,대치4동,205007,444509,198,53,76361907,43624496,19513,31221969
개포고등학교,강남구,개포2동,205433,442662,51,58,117852665,45555773,30141,66921382
대치2동주민센터,강남구,대치2동,205656,444713,20,83,117141855,32058786,17477,71767353
대청초등학교,강남구,일원1동,207481,443569,137,51,399413232,168519329,74526,201903242
윗방죽마을공원,강남구,세곡동,209190,441356,3,51,667034147,251786145,188656,372058970
아래방죽마을공원(율현초등학교),강남구,세곡동,209611,441303,10,80,43175962,15885991,5951,30063657
삼전역 4번,송파구,잠실본동,207293,444982,389,48,736602009,356823738,131139,278286459
삼전역 1번,송파구,잠실본동,207529,445253,290,44,462591923,252524183,103221,201801091
삼전역 3번,송파구,삼전동,207842,444670,285,50,55948318,16447897,8778,22401965
석촌고분역 1번,송파구,삼전동,208309,445053,323,46,185265372,81042923,36053,90721511
석촌고분역 4번,송파구,삼전동,208301,444502,328,49,31804403,7348388,5391,16449133
석촌고분역 3번,송파구,석촌동,208871,444507,160,52,35945030,13909092,5449,22877884
석촌역 7번,송파구,석촌동,208985,445109,381,47,90232214,70493813,16972,52984168
석촌역 6번,송파구,석촌동,209339,444753,219,51,79197637,36503429,7776,15954213
송파나루역 1번(송리단길),송파구,송파1동,209567,445551,300,48,411510837,299979549,40493,203364533
송파나루역 2번,송파구,방이2동,209833,445902,105,51,63634552,23836735,9379,18491773
석촌역 3번,송파구,송파1동,209895,445180,343,47,149483588,73182640,24032,77882398
송파역 2번,송파구,송파2동,210199,444586,102,52,58561818,21530330,6474,17425838
송파나루역 3번,송파구,방이2동,210209,445524,39,49,35213263,13853267,6883,24483406
한성백제역 3번,송파구,방이2동,210404,446016,264,56,139615618,54562130,38501,74033048
방이동고분군(방산고등학교),송파구,방이1동,210664,445286,10,59,144891162,55232648,27781,62827356
방이역 4번,송파구,방이1동,210857,445756,269,63,297432764,133081171,44569,150353855
석촌중학교(방이육교),송파구,가락본동,211018,444834,89,55,6864612,2330783,1527,3981880
문정역 1번,송파구,문정1동,210889,443165,69,44,96288707,18792187,14235,61101891
경찰병원역 4번(건너말공원),송파구,가락본동,210919,443695,48,48,5449522,550478,569,2944022
경찰병원역 3번,송파구,가락2동,211131,443863,116,48,24861901,6240580,4165,13659161
문정역 2번,송파구,문정1동,211145,442739,117,49,253868550,77368242,56897,103580755
문정초등학교,송파구,문정1동,211186,443249,168,46,133506002,41957577,26227,66580480
문현중학교(장지역 1번),송파구,장지동,211262,442494,52,40,91176510,30109889,12674,34267951
오금역 4번,송파구,가락2동,211264,444277,19,49,8258176,3693683,889,2416082
방이역 2번,송파구,오금동,211448,445215,51,54,119310431,43698479,30156,62646412
장지동주민센터(한림연예예술고교),송파구,장지동,211550,442964,103,48,145787075,65896181,22170,68827363
방이역 1번,송파구,오금동,211513,445488,24,71,27009657,9416204,6687,12897549
문정동성당,송파구,장지동,211788,443156,17,45,66150541,24773853,16905,25050517
오동나무공원(송파레미니스1단지),송파구,오금동,211895,445248,99,53,45799324,17661815,8260,21343859
오금공원(오주중학교),송파구,오금동,211906,444832,126,53,82696612,48636871,18881,36947578
투구봉어린이공원,송파구,가락2동,212118,443829,48,49,18368559,6283780,3631,9903232
Sh수협은행 오금동금융센터(아랫말어린이공원),송파구,오금동,212170,445014,9,55,34945275,23057295,6986,18831626
보인중학교,송파구,오금동,212297,444483,91,48,410462755,139575686,60004,226401227
벌말어린이공원,송파구,오금동,212262,444754,40,50,102684761,71333404,16089,53546683
거여초등학교,송파구,오금동,212430,444869,71,54,5534814,886658,767,3020620
거여역 1번(거여공원),송파구,거여1동,212696,444196,88,49,69379270,38203449,17549,39023232
남천초등학교,송파구,마천2동,213170,444431,83,49,43929184,14357035,8467,21386529
마천역(마천초등학교),송파구,마천1동,213476,444071,106,52,121157552,68475501,35612,59581700
마천1치안센터,송파구,마천1동,213853,444135,37,54,1968482,1712932,430,1407381
천호역 1번(천호문구완구거리),강동구,천호2동,210722,449052,17,52,4543756,1095325,571,2807653
천호지구대(천호동자전거거리),강동구,천호2동,210912,449349,102,45,82627008,44732712,28132,32825510
강동구청(강동구청역 2번),강동구,성내1동,211002,447924,21,48,66297368,18003739,16965,33834303
천호역 6번,강동구,성내2동,210995,448365,85,45,34834312,29953113,5172,18686376
암사역 3번(천호동자전거거리),강동구,천호2동,211055,449828,110,48,66893983,32093738,12628,32868084
성내천어린이공원(하니사랑길),강동구,성내1동,211079,447418,101,67,185504694,139302799,38650,104137039
천호태영아파트,강동구,천호3동,211384,448701,4,14,25344333,15681533,6712,9715498
천호공원(해공체육문화센터),강동구,천호2동,211478,449321,58,47,86273317,29356406,13945,29564651
성내중학교,강동구,성내1동,211510,447825,56,48,20338950,9661050,4361,8944420
강동역 4번(강풀만화거리),강동구,성내2동,211519,448272,182,49,161752974,73155280,46957,83304806
암사역 2번(서울강동초등학교),강동구,천호2동,211503,449728,191,48,93581803,31013818,24671,41190909
암사역 1번,강동구,암사1동,211593,450267,191,48,67314451,43612090,11833,34164300
둔촌동역 3번(성내3동주민센터),강동구,성내3동,211636,447220,60,67,106341604,131876825,20414,89412221
강동구립 천호도서관,강동구,천호3동,211691,448962,53,43,16117785,11672744,4919,11412655
둔촌동역 4번,강동구,성내3동,211697,447577,47,55,6997785,725847,638,3842700
암사동성당(효정하나플러스아파트),강동구,암사1동,211877,449977,143,49,112898009,46866470,34304,47158632
강동구립성내도서관,강동구,성내3동,211931,448063,229,50,18797056,12481152,3975,9747810
강동성심병원,강동구,길동,211962,448499,1,90,450786300,113885716,73663,179378175
천호1동주민센터,강동구,천호1동,212044,449449,83,45,29812066,13397060,6508,13529878
천동초등학교,강동구,길동,212285,448978,34,55,6682859,1687706,796,1935559
굽은다리역 1번(십자성마을),강동구,천호1동,212306,449281,141,55,100835827,52251465,20059,40456769
둔촌동역 1번(한산중학교),강동구,둔촌2동,212348,447971,145,52,189802442,54970163,20360,107007138
명일역 1번,강동구,암사1동,212387,450205,48,50,43335078,18989867,7547,17796284
굽은다리역 2번,강동구,천호1동,212465,449915,81,52,146239493,78025495,24942,54742482
둔촌2동주민센터,강동구,둔촌2동,212654,448239,32,52,195413828,81347555,43268,90649960
길동주민센터(강동도서관),강동구,길동,212662,448642,195,55,48937964,15094561,12014,20318989
굽은다리역 4번,강동구,길동,212791,449269,150,53,109241821,66145296,26900,43591812
둔촌고등학교(둔촌중학교),강동구,둔촌2동,212802,447928,39,61,5551880,0,650,2345306
굽은다리역 3번,강동구,명일1동,212907,449841,34,51,272388055,434660005,86782,241218857
GS강동자이아파트,강동구,길동,213004,448764,58,48,144971738,74531942,28199,67918783
묘곡초등학교(고덕아이파크아파트),강동구,고덕1동,213598,451279,51,56,9509430,2991018,1958,4493564
한영중고,강동구,명일2동,213661,449837,33,43,261932891,95914930,75762,105826488
고덕중학교(고덕2동주민센터),강동구,고덕2동,214375,451335,21,44,10023213,4976787,2503,4243816
고덕동성당,강동구,고덕2동,215015,451172,20,43,70776047,48620760,10476,27387616
상일여고(상일초등학교),강동구,상일동,215142,449858,78,47,130413690,32067022,24590,83364105
서대문역,종로구,교남동,197004,451905,5,45,707994320,104938497,119675,340241772
서촌(경복궁역),종로구,사직동,197511,453304,15,77,2753457212,1728105360,374094,1412456260
광화문역,종로구,사직동,197756,452492,3,131,7579960113,1746051366,1033475,4237997231
종로구청,종로구,종로1?2?3?4가동,198330,452729,2,113,1340834987,112101956,193047,769850617
삼청동,종로구,삼청동,198327,453771,2,164,2775267886,2261743309,270599,1881352458
북촌(안국역),종로구,가회동,198741,453290,9,71,3491849041,1713775303,563451,1872642738
종로3가역,종로구,종로1?2?3?4가동,199178,452457,5,34,4117911706,1723361022,702865,1726038127
원남동사거리,종로구,종로1?2?3?4가동,199800,452831,3,20,377361233,12410367,61551,159952538
대학로(혜화역),종로구,혜화동,200117,453688,29,53,3940432368,2385689255,733067,1628354316
이화사거리,종로구,종로5?6가동,200140,452821,3,25,780321700,196206520,91357,435183807
종로5가역,종로구,종로5?6가동,200205,452485,1,55,1226635424,187666633,211878,649985297
동대문역,종로구,창신1동,201005,452410,1,25,123152262,64281001,40637,52173603
동묘앞역(동묘),종로구,창신1동,201294,452578,4,25,246745500,110661125,43477,104501464
중림동,중구,중림동,197143,451108,4,27,782804971,130962210,109092,444765619
회현역,중구,회현동,198144,450868,9,73,364177826,83508682,67572,190482847
명동역(명동재미로),중구,명동,198568,451138,4,72,774171497,240000382,130292,443985438
충무로역,중구,필동,199553,451319,4,81,2895962431,558372592,514947,1502237655
중구청(퇴계로4가),중구,광희동,199832,451557,1,28,49521723,21428083,4220,395403
퇴계로5가,중구,광희동,200172,451544,3,65,217941051,17968072,35143,110784886
장충동족발거리(남소영길),중구,장충동,200486,451165,2,31,357660374,147974235,51491,197144121
동대문역사문화공원역,중구,광희동,200652,451769,11,50,1541417848,474407121,310259,632660847
약수역,중구,다산동,200886,450529,37,62,340586417,160788608,72736,141531357
신당역,중구,신당동,201389,451766,8,64,545744376,148828617,130740,202127252
용산전자상가(용산역),용산구,한강로동,196602,448198,12,41,718236819,74528504,135366,357411956
신용산역(용산역),용산구,한강로동,196759,447723,13,80,2307638440,317592225,263808,1217372482
"숙대입구역(남영역, 남영동)",용산구,남영동,197505,449194,3,59,771115259,281096828,127621,300211085
삼각지역,용산구,한강로동,197638,448269,14,46,226218105,73346199,34246,118284098
남영동 먹자골목,용산구,남영동,197641,449262,1,55,696524618,206489386,66651,254070409
이태원(이태원역),용산구,이태원1동,199539,448381,34,87,1491059649,1143147065,202500,540129737
한남오거리,용산구,한남동,200669,448168,5,65,444716034,111200408,87198,199255060
금호역,성동구,금호4가동,201735,449865,20,48,17425827,14631743,3295,5729815
왕십리역(왕십리),성동구,행당1동,203287,451265,26,51,425254486,185450372,77339,166186629
서울숲역,성동구,성수1가1동,204150,449189,7,50,119223203,59547607,12896,77994698
뚝섬역,성동구,성수1가2동,204279,449686,13,39,2666900407,1247349856,341407,1415036877
성수역,성동구,성수2가3동,205008,449464,9,48,1765792356,723979884,280105,779605845
건대입구역(건대),광진구,화양동,206135,449004,24,40,5065934631,2971445318,1022138,1705250187
어린이대공원역,광진구,군자동,206380,449814,26,56,519069571,256821644,112957,175091511
군자역,광진구,군자동,207011,450848,72,46,834191390,418761012,170394,322976598
구의역,광진구,구의1동,207505,448675,50,39,515284030,190436851,115370,207718388
아차산역,광진구,중곡2동,207685,450529,57,52,891490155,561306446,292769,436076923
구의사거리,광진구,구의1동,207770,449446,31,53,23215914,12674798,6287,11103959
구삼강변맛길,광진구,구의3동,208190,448825,38,59,340339523,171836020,62630,148558049
올림픽대교북단,광진구,구의3동,208468,449028,1,27,68095583,28277527,22758,27795963
신설동역,동대문구,용신동,202164,452823,13,38,850449064,192320783,158537,415916120
청량리역(청량리),동대문구,전농1동,204223,453496,6,42,414465966,180914271,112525,193066325
경희대학교(경희대),동대문구,회기동,204632,454773,2,20,2926206802,900749173,516546,1336488493
회기역,동대문구,휘경1동,205089,454430,5,57,405231853,232242951,122145,156373325
장한평역(장한평),동대문구,장안1동,205699,451402,43,47,776260980,187167505,162226,352298180
장안동사거리,동대문구,장안2동,206315,452490,40,63,603801546,295061718,168048,260214828
사가정역,중랑구,면목3?8동,207784,453510,3,28,799725922,445874607,174261,304137336
상봉역,중랑구,상봉2동,207750,455204,46,42,563172484,313658238,167251,228611183
한성대입구역,성북구,삼선동,200722,454401,5,35,325008318,159773360,65975,132901228
성북구청,성북구,삼선동,201404,454424,3,39,122970937,36563516,19029,53388593
성신여대,성북구,동선동,201545,454756,16,26,5108195986,2606014068,1121975,1500514041
미아사거리,성북구,길음2동,202573,456478,5,43,421994088,166966168,106891,219225748
안암역,성북구,안암동,202609,454032,1,18,720737733,188749441,170143,271863440
월곡역,성북구,월곡2동,203715,455955,10,45,612974553,165952684,168646,277234180
수유역,강북구,수유3동,202206,459794,38,48,1801957554,794862292,352033,637179793
미아역,강북구,미아동,202289,458452,12,42,342834056,120892092,78738,132081891
미아사거리역,강북구,송중동,202731,457002,3,39,655871592,362996520,152676,193863835
노원역,노원구,상계2동,205487,461761,2,52,4869287156,2687600300,1218084,1753661864
상계백병원,노원구,상계6?7동,205497,460926,1,37,61131985,20630724,19439,24309722
공릉역,노원구,공릉1동,206501,458455,20,55,893254360,551425522,171925,351807724
태릉입구역,노원구,공릉1동,206799,457730,9,59,422049345,205353212,92747,192540363
응암역,은평구,응암1동,192572,455461,41,52,100765645,63628141,32538,42833731
구산역,은평구,갈현2동,192675,456931,20,53,428737457,202967492,149453,152752593
구파발역,은평구,진관동,192798,459742,8,67,549349605,256774296,127612,261072858
연신내역,은평구,불광1동,193120,457722,40,42,381303249,207574283,125749,162693121
본서부병원,은평구,응암1동,193119,455668,62,54,253190672,117700437,59661,104817551
불광역,은평구,대조동,193770,456561,23,47,69658556,37113292,21858,29329550
연희동,서대문구,연희동,193815,451927,14,53,1368270674,888557767,202891,707593617
"신촌역(신촌역, 신촌로터리)",서대문구,신촌동,194382,450780,17,28,3811412722,1809446760,858460,1228269090
홍제역,서대문구,홍제1동,195120,454298,7,59,252525312,108476109,90462,113163525
"이화여대(이대역, 이대)",서대문구,신촌동,194941,450990,3,51,1033154682,368242477,237072,359669423
충정로역,서대문구,충현동,196738,451218,5,33,800814784,56277371,78408,473090324
망원역,마포구,망원1동,192088,450652,29,48,476573614,245971772,109767,199040600
합정역,마포구,서교동,192355,449998,69,56,2019541537,945201188,507619,840567010
서교동(홍대),마포구,서교동,192713,450597,75,56,1386389515,433326522,195837,641127146
홍대입구역(홍대),마포구,서교동,192825,450117,67,52,6855845940,4530095096,1230306,2639305802
연남동(홍대),마포구,연남동,193150,451174,186,47,5178876531,2840918252,913418,1869950089
상수역(홍대),마포구,서강동,193209,449875,32,41,2119980113,1229567121,288854,1106415596
마포역,마포구,용강동,195229,448938,2,47,689400280,92823517,139645,325558821
공덕역(공덕오거리),마포구,도화동,195756,449256,6,110,1175907653,207721191,245750,548363340
신정네거리역,양천구,신정4동,186973,446939,56,42,493356790,234277930,106583,175136471
서울남부지방법원,양천구,신정1동,187627,446919,35,50,320415319,90626837,49873,172841782
목동역 8번출구,양천구,신정4동,187758,447371,35,58,469998622,199069519,123234,213527417
목동사거리,강서구,화곡4동,187899,448051,43,46,147062863,78199308,42902,51920497
등촌역,양천구,목3동,188046,450164,69,40,842578170,431780140,188422,455792501
오목교역,양천구,목1동,188859,447176,30,59,529924862,288766384,102219,233518004
목동신시가지,양천구,목1동,188989,447968,8,150,1618593898,703952467,388533,757152912
송정역,강서구,공항동,183179,451334,11,47,172417742,65410978,35221,81150933
발산역(마곡),강서구,가양1동,185482,451168,1,37,960380040,321640521,189262,484154323
화곡역,강서구,화곡1동,185754,449079,49,44,1155226035,611744690,271959,398690806
까치산역,강서구,화곡1동,186514,447863,65,46,401019806,214937836,75011,124827223
강서구청,강서구,화곡6동,186817,450350,61,45,395739682,153401125,97732,166008117
오류동역,구로구,오류1동,186274,443987,15,41,148613007,89146408,45672,59948407
개봉동 현대아파트,구로구,개봉3동,187258,443281,75,49,301746662,112349328,56544,122024336
구로역,구로구,구로2동,189215,444765,4,73,635114063,68516681,111885,352448487
구로구청,구로구,구로5동,190351,444133,13,52,400369227,119137912,114925,181159604
신도림역,구로구,구로5동,190308,445419,1,109,933952751,448213782,171690,408159422
구로디지털단지,구로구,구로3동,190727,442738,23,48,4875913170,302026867,909508,2361191248
구로디지털단지역,구로구,구로3동,191249,442646,7,47,1073891007,465193803,212705,324064996
가산디지털단지,금천구,가산동,189641,441969,10,44,15182303299,5608226735,2187031,7518939274
독산동,금천구,독산1동,190614,441262,36,52,497024872,172019157,103266,233725742
서울시흥동우체국(홈플러스시흥점),금천구,시흥1동,191269,439239,9,46,168715617,86478174,39538,63211089
구로전화국,금천구,독산3동,191634,442281,56,44,198000686,76251954,24368,63379032
양평역,영등포구,양평1동,190179,447330,2,52,193596690,34845227,45169,93081115
영등포구청역,영등포구,당산1동,190525,447328,4,35,1200023827,335068641,221226,652995255
당산2동(영등포우체국),영등포구,당산2동,190924,447794,6,51,799662654,184189006,128303,403499153
대림3동사거리,영등포구,대림3동,190957,444527,30,44,154696040,50769759,36309,81746849
영등포청과시장교차로,영등포구,당산1동,190996,446852,11,31,150453987,34835984,21601,47981605
대림역,영등포구,대림3동,190958,443850,23,48,290970187,180319439,59690,124335020
당산역,영등포구,당산2동,191262,448366,12,40,2745555606,1208470484,425662,930288240
영중로,영등포구,영등포동,191608,447515,2,28,122695905,9206672,19852,58519532
영등포역(영등포),영등포구,영등포동,191662,446554,15,23,1846861699,1107230519,403099,651231304
한강성심병원,영등포구,영등포동,192123,447061,12,38,124502334,22600793,25237,73818033
보라매역,동작구,대방동,193019,444434,20,52,356509817,127544740,62166,174585977
여의도역(여의도),영등포구,여의동,193481,447024,2,135,10971283275,1092304407,1323453,5740092190
63빌딩,영등포구,여의동,194670,446691,1,234,294133338,24856857,51443,151322767
보라매공원,동작구,신대방2동,193370,443533,24,92,2216527359,890923995,429894,1111613385
신대방삼거리역,동작구,대방동,193572,444444,56,54,279449214,149144676,84962,108078777
노량진역(노량진),동작구,노량진1동,194719,446060,10,40,1445126296,651767519,469270,547207264
장승배기역,동작구,상도2동,194741,444997,15,48,130787874,55237163,29442,58447097
총신대학교,동작구,사당5동,196863,443233,27,50,10178483,104115,1521,5102131
"총신대입구역(이수, 총신대)",동작구,사당2동,198382,442950,33,59,1335908014,659537821,242809,509070661
신림역(신림),관악구,신림동,193830,442811,63,40,1111740923,581146985,311450,331345546
녹두거리(대학동),관악구,대학동,194428,441211,2,39,720684780,375543943,213435,309001585
서울대입구역,관악구,청룡동,195747,442391,23,43,1266667597,663934458,292888,422711890
사당역(사당),서초구,방배2동,198414,442010,61,61,1697373705,833370070,270863,630979356
방배동가구거리(사당동가구거리),서초구,방배본동,198539,443946,37,57,87568557,15252635,11187,42095816
방배동카페골목,서초구,방배본동,198745,444033,29,55,2538616009,1055733991,429981,1067712134
사당역 11번(사당역먹자골목),서초구,방배2동,198745,442219,63,61,44736539,20937255,6561,23708039
내방역,서초구,방배4동,199436,443193,63,61,1654362576,466651234,241370,832636921
서래마을카페거리(서래마을),서초구,반포4동,199830,444291,45,103,549734166,296743526,79873,268260335
방배역,서초구,방배1동,199758,442469,54,57,1191956778,361067281,204423,503438436
고속터미널(고속터미널역),서초구,반포4동,200465,445065,1,85,500132804,282807076,129440,229786334
서울고교교차로,서초구,서초3동,200389,442559,6,67,157701298,38178739,35456,72574016
서초역,서초구,서초3동,200760,443557,13,85,2120505457,786956262,305678,1465490470
삼호가든사거리,서초구,반포4동,200968,444742,9,100,489195121,155397890,115646,203523952
서초3동사거리,서초구,서초3동,201041,442583,34,73,1413274986,318211954,186510,716151012
교대입구교차로,서초구,서초3동,201112,443144,37,66,1149785995,285881171,146012,605854577
교대역(법원.검찰청),서초구,서초1동,201307,443806,60,67,3532158746,642576797,535335,1662129785
남부터미널역,서초구,서초1동,201602,442852,29,76,1719881722,389023512,395485,821257011
논현역 4번,서초구,반포1동,201666,445438,100,48,18184942,4351782,2788,8706983
신논현역 1번,서초구,반포1동,201758,445107,81,46,358223267,73511504,50700,175185236
신사역,서초구,잠원동,201729,446276,48,61,3484855718,905043752,564842,1493671600
양재역,서초구,도곡1동,203010,442784,62,64,3126880525,682896036,408265,1634827720
양재화물트럭터미널앞,서초구,양재2동,203255,440496,4,78,320314361,33640169,42090,212568958
교육개발원입구사거리,서초구,양재1동,203394,441974,22,43,250989219,93457315,40204,146103575
"양재시민의숲역(양재동꽃시장, aT센터)",서초구,양재2동,203571,441107,26,59,1359075604,404435763,174717,806534125
양재천카페거리,서초구,양재1동,203846,442351,22,50,137152643,111969329,10061,74729140
포이사거리(삼호물산),서초구,양재2동,203986,441948,110,46,2210360391,528955361,270368,1026217137
논현역,강남구,논현1동,201936,445730,47,66,3862145205,845874342,648480,1737358128
가로수길,강남구,신사동,201996,446810,51,65,2480143572,1217232890,346585,970498339
신논현역,강남구,논현1동,202235,445062,56,46,4367375417,1414674048,740829,1743227953
압구정역,강남구,신사동,202482,447331,18,85,2450981905,830364185,424102,1075675910
강남역,서초구,서초2동,202454,444235,30,75,10596779255,3289987392,1858147,4419202440
강남을지병원,강남구,압구정동,202498,446725,41,53,1003663310,175172219,142744,417303634
학동역,강남구,논현1동,202659,446009,79,61,2070312867,351487533,313104,1078132457
뱅뱅사거리,강남구,역삼1동,202785,443423,40,55,5509282509,595676440,905802,2834346168
도산공원교차로,강남구,압구정동,202968,446898,29,75,350748413,39930525,42561,207785398
언주역(차병원),강남구,논현2동,203009,445326,60,65,956407174,209322365,123152,451951081
성수대교남단,강남구,압구정동,203046,447576,7,68,621522071,176988127,93249,293183289
서울세관,강남구,논현2동,203125,446206,23,100,700228210,112412413,94621,356342219
역삼역,강남구,역삼1동,203179,444549,82,56,10168933045,1128341977,1309621,5129106876
구역삼세무서,강남구,역삼1동,203290,444009,124,46,2404756595,414914609,330427,1235761773
경복아파트교차로,강남구,역삼1동,203449,445392,15,40,1258040376,107618972,196607,574466660
학동사거리,강남구,청담동,203460,447067,12,89,2439834433,1142383603,214229,1599928689
도곡1동,강남구,역삼1동,203531,443680,44,49,870842304,116897015,121008,536206022
압구정로데오역(압구정로데오),강남구,압구정동,203548,447476,15,148,1910887690,1115742861,160017,829050806
강남구청역,강남구,논현2동,203597,446308,21,59,2512117427,485152084,451441,1246085451
르네상스호텔사거리,강남구,역삼1동,203786,444848,17,57,2837157314,397616179,362529,1684649424
매봉역,강남구,도곡2동,203882,442769,21,67,1729328034,660685202,190164,961390689
개나리아파트,강남구,역삼2동,203905,444200,46,50,623378966,46517919,107213,280325658
선정릉역,강남구,삼성2동,204022,445778,166,60,952287802,113456674,136634,555785919
청담사거리(청담동명품거리),강남구,청담동,204217,447261,43,101,955008195,208968195,117997,455298256
"강남구청(청담역_8번, 강남세무서)",강남구,청담동,204377,446586,19,100,212303032,73674368,28120,94561851
선릉역,강남구,대치4동,204364,445017,87,40,4975946590,782546163,702164,2474238985
도성초등학교,강남구,대치4동,204639,444576,21,56,385389437,181338782,84914,174770483
한티역,강남구,대치4동,204740,444220,18,59,1009869182,600943258,186708,404755205
삼성중앙역,강남구,삼성2동,204752,445788,78,55,1226663763,259853310,137828,648532570
영동대교남단교차로,강남구,청담동,204844,447175,6,150,64522228,37176433,5055,25880805
포스코사거리,강남구,삼성2동,204975,445263,30,64,4102598423,266477776,525880,1947321996
경기고교사거리(경기고교앞사거리),강남구,청담동,205005,446809,1,68,80045822,7369046,15369,40171227
대치사거리,강남구,대치4동,205165,444843,92,53,663782616,268626625,153956,290445422
은마아파트,강남구,대치4동,205359,444378,14,66,786998483,294875054,160042,326157329
대치역,강남구,대치1동,205508,443861,5,128,571017750,190084010,182653,211112478
봉은사역,강남구,삼성1동,205516,446111,6,60,809481399,73791230,117898,405667468
삼성역,강남구,대치2동,205584,445468,8,63,6090633017,1144311612,1010475,3195369494
휘문고교사거리,강남구,대치2동,205806,444988,9,88,120408337,28136767,32521,58692118
잠실새내역(신천),송파구,잠실본동,207301,445671,67,45,3603540235,1714755166,736666,1505442764
석촌고분역,송파구,석촌동,208581,444877,57,46,945604695,449612839,218871,473891453
잠실역,송파구,잠실6동,208953,446061,5,164,4651559134,1566649298,705548,2393150018
석촌역(석촌호수),송파구,송파1동,209420,445178,138,50,1596789437,1114021696,220536,788555673
방이동먹자골목,송파구,방이2동,209657,446106,57,48,1213407357,720141527,194605,405466549
송파사거리(송파역),송파구,석촌동,209754,444634,19,49,223089113,82445535,66763,91092350
송파나루역,송파구,송파1동,209906,445634,30,48,229202197,140985366,36923,113587290
몽촌토성역,송파구,방이2동,210030,446282,16,49,191709977,68425394,31127,98801147
가락시장역,송파구,가락본동,210499,443922,18,54,689829374,203422053,120704,269050491
문정역,송파구,문정2동,210608,442903,13,59,2076409914,293300100,349781,1131547011
장지역(가든파이브),송파구,문정2동,210906,442074,2,70,1097993872,419519118,254893,510458395
경찰병원역,송파구,가락본동,210683,444197,63,46,813908268,143068126,137548,273860023
방이역,송파구,방이1동,211087,445537,6,60,1302219488,586544507,343982,474570359
오금역,송파구,가락본동,211154,444709,66,56,407428527,92168065,81588,194365396
개롱역,송파구,가락2동,211903,444074,78,51,257843599,114549986,45365,105650166
거여역,송파구,거여2동,212871,443719,35,52,282433597,140673752,65039,111858701
강동구청역,강동구,성내1동,210844,447756,74,51,684981402,286936018,119096,374338672
천호역,강동구,천호2동,210998,448898,15,64,773333791,341207001,196576,283280825
암사역,강동구,암사2동,211298,450214,37,40,191597818,100067329,62146,77430953
둔촌역,강동구,성내3동,211926,447436,44,53,383729147,186880387,100139,172724531
길동역,강동구,길동,212223,448561,55,48,877995400,311994107,211739,362244484
굽은다리역,강동구,천호1동,212606,449599,37,56,124176934,66422596,40633,55993130
명일역,강동구,명일1동,212758,450202,23,52,302032488,157217819,56601,110656078
고덕역,강동구,명일2동,213696,450444,2,100,1226222425,591676793,348344,472627708
통인시장,종로구,청운효자동,197351,453449,6,79,852976437,366040991,80304,368125052
세종마을음식문화거리(금천교시장),종로구,사직동,197423,453030,8,71,131999195,48775047,30534,64193801
중부시장(신중부시장),중구,광희동,200023,451787,1,16,308580384,68365493,30440,180888491
약수시장,중구,약수동,200969,450370,7,63,15738896,8261104,5578,8445269
동화동 골목형상점가,중구,동화동,201543,451430,8,60,64023848,50900618,14180,30129721
"황학시장(서울중앙시장, 신중앙시장)",중구,황학동,201889,451973,3,44,55504587,23049702,21829,21943506
용산용문시장,용산구,용문동,196483,448549,5,31,80625481,24222713,18733,46214859
후암시장,용산구,후암동,197903,450066,9,69,34178348,2210642,4629,28203372
무학봉상점가,성동구,왕십리2동,202706,451363,6,52,11495462,3492457,1923,4207575
행당시장상점가,성동구,행당1동,202943,451296,7,40,304180746,136194524,43923,147887173
왕십리도선동상점가,성동구,왕십리도선동,203030,451634,7,46,185860552,79987793,60120,90796092
마장축산물시장,성동구,마장동,203467,452337,9,50,73431486,21035813,11910,36305074
뚝섬역상점가,성동구,성수1가2동,204339,449882,7,42,698150780,179758581,130854,338028725
성동용답상가시장,성동구,용답동,204691,451606,16,60,232102729,102681014,65815,117044007
뚝도시장,성동구,성수2가1동,204817,448747,1,63,10712830,2604130,191,0
화양제일골목시장,광진구,화양동,206085,449309,5,26,54733198,30329509,15590,15390672
"중곡제일시장(중곡제일골목시장, 광성시장)",광진구,중곡1동,207176,451590,6,44,29285576,14924329,2855,13120909
서울약령시장,동대문구,제기동,203314,453617,5,37,7512723,1487277,1482,2794751
회기시장,동대문구,회기동,204907,454615,4,41,122640115,49499829,24613,51668456
답십리시장,동대문구,답십리2동,205141,452676,1,64,21402653,11568677,6699,11091318
장미제일시장(중화동제일시장),중랑구,중화2동,206703,456124,9,43,3253875,3192575,853,1389409
중랑동부시장,중랑구,면목2동,206787,454757,16,39,274183507,158218748,74053,87226959
묵1동도깨비시장,중랑구,묵1동,207110,457444,16,51,39819440,20862367,7377,28089220
면목골목시장(면목시장),중랑구,면목7동,207544,453238,20,66,39652616,24188588,12312,18158462
"동원전통종합시장(동원시장, 동원전통시장 상점가)",중랑구,면목본동,208009,454485,23,52,120094785,63272274,40144,46362037
사가정시장,중랑구,면목3?8동,208001,453529,13,49,35736038,22975530,9914,11663852
우림골목시장,중랑구,망우본동,208640,455380,23,49,53070262,25140480,8981,20600059
정릉시장,성북구,정릉3동,200788,456537,19,46,102184378,66792517,19856,49991323
삼양골목시장(삼양시장),강북구,삼양동,201680,458392,6,62,82338883,42167015,24654,40922833
수유중앙골목시장(수유중앙시장),강북구,수유3동,201872,460117,18,55,9698872,2070263,238,0
"수유전통시장(수유시장, 수유골목시장)",강북구,수유1동,201998,459062,5,57,5868236,6144093,768,2941795
강북종합전통시장(강북종합골목시장),강북구,수유3동,202329,460268,21,49,3306187,970306,741,1560629
숭인시장,강북구,송천동,202587,457096,1,40,26169833,11335873,4993,9824789
방천골목시장,강북구,송중동,202925,457018,1,51,35640840,21258975,10130,13079283
쌍문시장(쌍문역골목시장),도봉구,쌍문3동,202853,460960,49,50,220850867,114906130,60402,83370722
쌍문역동측상점가,도봉구,창1동,203089,460798,5,33,87834263,42128289,20023,28487896
방학동도깨비시장,도봉구,방학2동,203111,462837,10,46,88931285,55552266,37071,39813257
창동신창시장,도봉구,창2동,203283,460012,46,53,34209495,17213144,7713,15156576
오!도봉거리 상점가,도봉구,도봉2동,204052,463707,7,39,2812137,1557181,506,2843800
공릉동 도깨비시장,노원구,공릉1동,206706,458084,22,58,3305979,4095284,1305,3491941
응암오거리상점가,은평구,응암3동,192561,454386,31,51,27062223,20121016,5674,11747302
응암시장(신응암시장),은평구,응암2동,192811,454967,1,56,15820587,11177886,1240,486958
연신내상점가(연빛거리),은평구,갈현1동,192841,457827,15,46,610735805,353997512,126833,165768203
대조시장,은평구,대조동,193520,456658,38,42,13403695,6946855,2491,7362874
불광먹자골목 골목형상점가,은평구,불광1동,193917,456762,17,31,97428724,44299777,16285,46280877
"이화여대 3,5,7길 상점가",서대문구,신촌동,195141,450967,8,21,1614978573,402894718,333882,581910243
아현가구거리상점가,서대문구,북아현동,196352,450951,2,32,2016516,3791246,893,3006238
상암동상점가,마포구,상암동,190781,453048,30,28,2069517983,225252128,216874,1148087534
망원월드컵시장,마포구,망원2동,191644,450958,25,49,24213645,18769530,6175,10281410
망원시장,마포구,망원1동,191763,450761,48,52,22992628,15991921,4355,9121361
홍대소상공인상점가,마포구,서교동,193084,450375,7,35,2051193344,1459033016,249953,553934789
홍대 걷고싶은 거리,마포구,서교동,193388,450714,5,38,1394064723,960147435,283176,476797258
용강동 상점가,마포구,용강동,194876,449054,4,78,44778716,12800477,7792,30030484
도화동 상점가,마포구,도화동,195525,448962,15,57,862179363,295543638,158938,377008095
신영시장,양천구,신월1동,185484,448177,11,48,3846526,2153474,1051,1989142
서서울 골목형상점가,양천구,신월1동,185608,447927,3,56,4601973,2477543,1109,1834473
경창시장,양천구,신월2동,186037,447238,14,57,46353083,25081478,14896,23704755
목동깨비시장(목3동시장),양천구,목3동,188063,449908,12,55,87133864,41659177,28503,36424602
목사랑시장(목4동시장),양천구,목4동,188196,448723,26,59,4541581,1764730,815,2743639
목2동시장,양천구,목2동,188802,449649,21,46,64888155,31718861,18792,24957614
송화벽화시장(송화골목시장),강서구,발산1동,185468,449994,12,44,124881628,60951013,36288,49373531
화곡중앙시장,강서구,화곡1동,185783,448352,29,46,110392136,60943563,37486,43214459
까치산시장,강서구,화곡8동,186491,448139,27,46,129074453,68300211,49101,46425429
"남부골목시장(남부화곡시장, 남부시장)",강서구,화곡4동,187694,448184,29,53,89938895,59845356,18751,36095744
개봉중앙시장,구로구,개봉2동,187149,443562,91,55,197591401,102014857,49915,93771867
고척골목시장상점가(그라운드 고척),구로구,고척1동,187952,444881,1,56,35678721,19622299,13153,15624097
구로시장,구로구,구로4동,189872,443283,3,59,19151922,7161425,3414,14480364
남구로시장,구로구,구로4동,189966,443409,15,46,703284,1250001,317,1142197
대명여울빛거리시장(대명시장),금천구,시흥1동,191342,439355,5,34,229748455,116659984,50868,79928817
비단길현대시장(현대시장),금천구,시흥1동,191404,439747,17,49,105627787,54519836,22835,50669011
은행나무시장,금천구,시흥5동,192025,439150,24,46,32901164,17541967,11574,14984044
선유도역 골목형상점가,영등포구,양평2동,190776,448469,6,46,199706258,35394871,22712,126059265
영등포청과시장(조광시장),영등포구,당산1동,191260,446913,23,31,8038067,3715162,1342,5694293
영진시장A동,영등포구,신길6동,192568,444551,1,72,4100527,901448,1244,0
신대방1동골목상권,동작구,신대방1동,191941,443427,3,51,97387716,44541229,33145,45169829
성대전통시장(성대시장),동작구,상도3동,193904,444409,14,63,209378623,120577331,96087,78876821
상도약수골목형상점가,동작구,상도4동,195047,444141,11,54,24699637,13523659,7489,11627222
상도전통시장,동작구,상도1동,195763,444418,14,58,130501030,73746045,6248,13069704
남성역골목시장,동작구,사당4동,197564,442670,5,51,15990289,12823210,6641,9182520
남성사계시장(남성시장),동작구,사당2동,198271,443197,2,26,521376263,301138873,168031,198299350
사당1동먹자골목상점가(사당1동먹자골목),동작구,사당1동,198283,442093,4,40,673140707,316610178,98099,205312957
조원동 펭귄시장(신림중앙시장),관악구,조원동,192141,442580,17,50,5159595,1389539,802,3287233
미성동 도깨비시장 골목형상점가,관악구,미성동,192599,441665,9,48,40656153,23634793,12864,17798348
서원동상점가,관악구,서원동,193691,442612,1,13,1387576675,921533462,327263,380745120
영림시장,관악구,청룡동,194966,442472,27,59,173613825,81336288,59872,72537362
봉천중앙시장,관악구,중앙동,195973,442762,2,53,75433204,29709553,28782,30998244
관악중부시장,관악구,행운동,196125,442778,3,42,154320109,77106577,38000,69338634
인헌시장(원당종합시장),관악구,인헌동,196979,441661,9,56,126063211,78375224,43012,62707905
영동전통시장,강남구,논현1동,202138,445525,16,44,54308726,21293499,13303,11001641
강남언주로,강남구,역삼1동,203794,445045,4,52,238086600,40857007,33496,141675333
새마을시장,송파구,잠실본동,207534,445500,48,40,188391460,103338383,60509,68614076
석촌시장,송파구,석촌동,209466,444551,17,42,11343731,5263277,1278,5872866
방이시장,송파구,방이2동,210214,445738,184,49,510633140,237511745,102099,193249114
풍납시장,송파구,풍납1동,210613,448663,28,53,43882180,22541912,7841,20932475
문정동 로데오거리 상점가(문정동 로데오거리),송파구,가락본동,210897,443396,19,56,57035626,29536442,10106,24175230
로데오거리상점가,강동구,천호2동,211228,448860,1,17,425719030,246184842,93963,126368460
장신구 특화거리 상점가,강동구,성내1동,211418,447594,35,43,14004150,11630319,1317,10153914
고분다리전통시장,강동구,천호3동,211771,449208,9,49,10412017,3445862,1728,2739070
둔촌역전통시장,강동구,성내3동,211868,447599,29,58,3616385,2007210,803,592790
길동복조리시장,강동구,길동,212690,448844,17,61,28033252,14801855,11055,13713852
이태원 관광특구,용산구,이태원1동,199498,448311,53,78,2672510091,1577401776,390002,1125270243
동대문패션타운 관광특구,중구,광희동,200996,451976,2,68,1503211693,474682657,326470,440242187
잠실 관광특구,송파구,방이2동,210188,446334,27,83,5211051206,3309628456,812513,2435977598
